DROP DATABASE IF EXISTS Proyectodaw;
CREATE DATABASE Proyectodaw;
USE Proyectodaw;
-- tabla departamento
CREATE TABLE Departamentos (
codigo SMALLINT PRIMARY KEY AUTO_INCREMENT,
referencia VARCHAR(4),
nombre VARCHAR(100)  NOT NULL,
jefe VARCHAR(50),
ubicacion VARCHAR(5)
);

-- tabla usuarios
CREATE TABLE Usuarios (
cod_usuario INTEGER PRIMARY KEY AUTO_INCREMENT,
dni VARCHAR(9) UNIQUE NOT NULL,
nombre VARCHAR(50) NOT NULL,
apellidos VARCHAR(100) NOT NULL,
email VARCHAR(50) NOT NULL UNIQUE,
clave VARCHAR(255) NOT NULL,
rol VARCHAR(2) NOT NULL,
cod_delphos INTEGER,
validar VARCHAR(2) NOT NULL,
departamento SMALLINT,
tutor_grupo varchar(20),
FOREIGN KEY (departamento) REFERENCES Departamentos(codigo) ON DELETE SET NULL
);

-- tabla tareas
CREATE TABLE Tareas (
cod_tarea INTEGER PRIMARY KEY AUTO_INCREMENT,
estado VARCHAR(50) NOT NULL,
nivel_tarea VARCHAR(50) NOT NULL,
descripcion VARCHAR(255) NOT NULL,
comentario VARCHAR(255),
imagen LONGBLOB,
localizacion VARCHAR(60) NOT NULL,
fecha_inicio DATE NOT NULL,
fecha_fin DATE,
cod_usuario_gestion INTEGER,
cod_usuario_crea INTEGER,
tipo_incidencia VARCHAR(50),
FOREIGN KEY (cod_usuario_gestion) REFERENCES Usuarios(cod_usuario),
FOREIGN KEY (cod_usuario_crea) REFERENCES Usuarios(cod_usuario)
);

-- tabla tareas Finalizadas
CREATE TABLE TareasFinalizadas (
cod_tarea INTEGER PRIMARY KEY,
estado VARCHAR(50) NOT NULL,
nivel_tarea VARCHAR(50) NOT NULL,
descripcion VARCHAR(255) NOT NULL,
comentario VARCHAR(255),
imagen LONGBLOB,
localizacion VARCHAR(60) NOT NULL,
fecha_inicio DATE NOT NULL,
fecha_fin DATE,
cod_usuario_gestion INTEGER,
cod_usuario_crea INTEGER,
tipo_incidencia VARCHAR(50),
FOREIGN KEY (cod_usuario_gestion) REFERENCES Usuarios(cod_usuario),
FOREIGN KEY (cod_usuario_crea) REFERENCES Usuarios(cod_usuario)
);
-- tabla articulo
CREATE TABLE Articulos (
codigo INTEGER PRIMARY KEY AUTO_INCREMENT,
fecha_alta DATE,
num_serie VARCHAR(20),
nombre VARCHAR(50) NOT NULL,
descripcion VARCHAR(255) NOT NULL,
unidades INT(5) NOT NULL,
localizacion VARCHAR(50) NOT NULL,
procedencia_entrada VARCHAR(200),
motivo_baja VARCHAR(200),
fecha_baja DATE,
ruta_imagen LONGBLOB
);

-- tabla articulo
CREATE TABLE Fungibles (
codigo INTEGER PRIMARY KEY,
pedir VARCHAR(2),
FOREIGN KEY (codigo) REFERENCES Articulos(codigo)
);

-- tabla articulo
CREATE TABLE Nofungibles (
codigo INTEGER PRIMARY KEY,
fecha INT(4),
FOREIGN KEY (codigo) REFERENCES Articulos(codigo)
);

-- tabla tiene
CREATE TABLE Tiene (
cod_articulo INTEGER,
cod_departamento SMALLINT,
PRIMARY KEY (cod_articulo, cod_departamento),
FOREIGN KEY (cod_articulo) REFERENCES Articulos(codigo),
FOREIGN KEY (cod_departamento) REFERENCES Departamentos(codigo)
);

-- tabla periodos
CREATE TABLE Periodos (
cod_periodo INTEGER PRIMARY KEY,
inicio time NOT NULL,
fin time NOT NULL

);

-- tabla guardias
CREATE TABLE Guardias (
cod_guardias INTEGER PRIMARY KEY AUTO_INCREMENT,
fecha DATE NOT NULL,
observaciones VARCHAR(255),
periodo INTEGER(2) NOT NULL,
cod_usuario INTEGER NOT NULL,
FOREIGN KEY (cod_usuario) REFERENCES Usuarios(cod_usuario),
FOREIGN KEY (periodo) REFERENCES Periodos (cod_periodo),
UNIQUE(fecha, periodo, cod_usuario)
);

-- tabla horarios
CREATE TABLE Horarios(
cod_horario INTEGER PRIMARY KEY AUTO_INCREMENT,
nombre VARCHAR(50),
apellidos VARCHAR(50),
dia VARCHAR(15),
inicio time,
fin time,
clase VARCHAR(100),
cod_usuario INTEGER,
FOREIGN KEY (cod_usuario) REFERENCES Usuarios(cod_usuario)
);


-- valores de las tabla departamentos
INSERT INTO Departamentos(referencia, nombre, jefe, ubicacion) VALUES
('fra', 'DPTO Francés', 'x', 'xxx'),
('ing', 'DPTO Inglés', 'x', 'xxx'),
('tec', 'DPTO Tecnología', 'x', 'xxx'),
('rel', 'DPTO Religión', 'x', 'xxx'),
('mat', 'DPTO Matemáticas', 'x', 'xxx'),
('ef', 'DPTO Educación física', 'x', 'xxx'),
('dib', 'DPTO Dibujo', 'x', 'xxx'),
('inf', 'DPTO Informática', 'x', 'xxx'),
('len', 'DPTO Lengua', 'x', 'xxx'),
('fil', 'DPTO Filosofía', 'x', 'xxx'),
('geh', 'DPTO Geografía e historia', 'x', 'xxx'),
('ori', 'DPTO Orientación', 'x', 'xxx'),
('fyq', 'DPTO Física y química', 'x', 'xxx'),
('mus', 'DPTO Música', 'x', 'xxx'),
('bio', 'DPTO Biología y geología', 'x', 'xxx'),
('gri', 'DPTO Griego', 'x', 'xxx'),
('eco', 'DPTO Economía', 'x', 'xxx'),
('fol', 'DPTO FOL', 'x', 'xxx');


-- valores de las tabla periodos
INSERT INTO Periodos (cod_periodo, inicio, fin) VALUES(1, '8:30', '9:25');
INSERT INTO Periodos (cod_periodo, inicio, fin) VALUES(2, '9:25', '10:20');
INSERT INTO Periodos (cod_periodo, inicio, fin) VALUES(3, '10:20', '11:15');
INSERT INTO Periodos (cod_periodo, inicio, fin) VALUES(4, '11:45', '12:40');
INSERT INTO Periodos (cod_periodo, inicio, fin) VALUES(5, '12:40', '13:35');
INSERT INTO Periodos (cod_periodo, inicio, fin) VALUES(6, '13:35', '14:25');
INSERT INTO Periodos (cod_periodo, inicio, fin) VALUES(7, '15:15', '16:10');
INSERT INTO Periodos (cod_periodo, inicio, fin) VALUES(8, '16:10', '17:05');
INSERT INTO Periodos (cod_periodo, inicio, fin) VALUES(9, '17:05', '18:00');
INSERT INTO Periodos (cod_periodo, inicio, fin) VALUES(10, '18:30', '19:25');
INSERT INTO Periodos (cod_periodo, inicio, fin) VALUES(11, '19:25', '20:20');
INSERT INTO Periodos (cod_periodo, inicio, fin) VALUES(12, '20:20', '21:15');



CREATE TABLE Reservas(
  id INT PRIMARY KEY AUTO_INCREMENT,
  autor INTEGER NOT NULL,
  aula VARCHAR(150) NOT NULL,
  fecha DATE NOT NULL, inicio TIME NOT NULL, fin TIME NOT NULL,
  comentario VARCHAR(255),
  FOREIGN KEY (autor) REFERENCES usuarios(cod_usuario),
  UNIQUE uniqueCombination (aula, fecha, inicio, fin)
);


CREATE TABLE Cursos (
  grupo varchar(20) NOT NULL PRIMARY KEY,
  aula varchar(20)
);

INSERT INTO Cursos (grupo, aula) VALUES
('B1A', NULL),
('B1B', NULL),
('B1C', NULL),
('B1D', NULL),
('B2A', NULL),
('B2B', NULL),
('B2C', NULL),
('CFGB1', NULL),
('CFGB2', NULL),
('DAM1', NULL),
('DAM2', NULL),
('DAW1', NULL),
('DAW2', NULL),
('DIV3A', NULL),
('DIV3B', NULL),
('DIV4E', NULL),
('DIV4F', NULL),
('E1A', NULL),
('E1B', NULL),
('E1C', NULL),
('E1D', NULL),
('E1E', NULL),
('E1F', NULL),
('E2A', NULL),
('E2B', NULL),
('E2C', NULL),
('E2D', NULL),
('E2E', NULL),
('E2F', NULL),
('E2G', NULL),
('E3A', NULL),
('E3B', NULL),
('E3C', NULL),
('E3D', NULL),
('E3E', NULL),
('E4A', NULL),
('E4B', NULL),
('E4C', NULL),
('E4D', NULL),
('E4E', NULL),
('E4F', NULL),
('PEFP1', NULL),
('PEFP2', NULL),
('SMR1', NULL),
('SMR2', NULL);


CREATE TABLE Alumnos (
  matricula varchar(20) PRIMARY KEY,
  nombre varchar(30) NOT NULL,
  apellidos varchar(50),
  grupo varchar(20),
  FOREIGN KEY (grupo) REFERENCES cursos(grupo)
);

CREATE TABLE Asignaturas(
	cod_asignatura INT PRIMARY KEY AUTO_INCREMENT,
    nombre VARCHAR(100) NOT NULL,
    horas INT NOT NULL,
    curso VARCHAR(30) NOT NULL,
    tipo VARCHAR(40)
);

INSERT INTO Asignaturas (nombre, horas, curso, tipo) VALUES
('Lengua Castellana y Literatura', 5, '1ESO', ' comunes'),
('Matemáticas', 4, '1ESO', ' comunes'),
('Lengua Extranjera (Inglés)', 4, '1ESO', ' comunes'),
('Geografía e Historia', 4, '1ESO', ' comunes'),
('Biología y Geología', 3, '1ESO', ' comunes'),
('Educación Física', 2, '1ESO', ' comunes'),
('Música', 2, '1ESO', ' comunes'),
('Tecnología y Digitalización', 2, '1ESO', ' comunes'),
('Religión', 1, '1ESO', null),
('Francés (obligatoria para biligües)', 2, '1ESO', ' optativas'),
('Taller de emprendimiento y finanzas personales', 2, '1ESO', ' optativas'),
('Proyecto de Artes Plásticas y Visuales', 2, '1ESO', ' optativas'),
('Lengua Castellana y Literatura', 4, '2ESO', ' comunes'),
('Matemáticas', 4, '2ESO', ' comunes'),
('Lengua Extranjera (Inglés)', 4, '2ESO', ' comunes'),
('Geografía e Historia', 3, '2ESO', ' comunes'),
('Física y Química', 3, '2ESO', ' comunes'),
('Educación Física', 2, '2ESO', ' comunes'),
('Música', 2, '2ESO', ' comunes'),
('Educación Plástica y Audiovisual', 2, '2ESO', ' comunes'),
('Educación en Valores Cívicos y Éticos', 2, '2ESO', ' comunes'),
('Religión', 1, '2ESO', null),
('2 Lengua extranjera: Francés', 2, '2ESO', ' optativas'),
('Cultura Clásica', 2, '2ESO', ' optativas'),
('Desarrollo Digital', 2, '2ESO', ' optativas'),
('Lengua Castellana y Literatura', 4, '3ESO', ' comunes'),
('Matemáticas', 4, '3ESO', ' comunes'),
('Lengua Extranjera (Inglés)', 3, '3ESO', ' comunes'),
('Geografía e Historia', 3, '3ESO', ' comunes'),
('Biología y Geología', 3, '3ESO', ' comunes'),
('Educación Física', 2, '3ESO', ' comunes'),
('Física y Química', 3, '3ESO', ' comunes'),
('Educación Plástica y AudioVisual', 2, '3ESO', ' comunes'),
('Tecnología y Digitalización', 2, '3ESO', ' comunes'),
('Religión', 1, '3ESO', null),
('2 Lengua extranjera: Francés', 2, '3ESO', ' optativas'),
('Emprendimiento, sostenibilidad y consumo responsable', 2, '3ESO', ' optativas'),
('Música Activa, Movimiento y Folclore', 2, '3ESO', ' optativas'),
('Lengua Castellana y Literatura', 4, '4ESO', ' comunes'),
('Matemáticas A', 4, '4ESO', ' comunes'),
('Matemáticas B', 4, '4ESO', ' comunes'),
('Lengua Extranjera (Inglés)', 4, '4ESO', ' comunes'),
('Geografía e Historia', 3, '4ESO', ' comunes'),
('Educación Física', 2, '4ESO', ' comunes'),
('Biología y Geología', 3, '4ESO', ' opción'),
('Digitalización', 3, '4ESO', ' opción'),
('Economía y Emprendimiento', 3, '4ESO', ' opción'),
('Expresión Artística', 3, '4ESO', ' opción'),
('Física y Química', 3, '4ESO', ' opción'),
('Formación y Orient. Personal y Profes.', 3, '4ESO', ' opción'),
('Latín', 3, '4ESO', ' opción'),
('Música', 1, '4ESO', null),
('2 Lengua extranjera: Francés', 2, '4ESO', ' opción'),
('Tecnología', 2, '4ESO', ' opción'),
('Filosofía', 2, '4ESO', ' optativas'),
('Cultura Clásica', 2, '4ESO', ' optativas'),
('Cultura Científica', 2, '4ESO', ' optativas'),
('Proyectos de Robótica', 2, '4ESO', ' optativas'),
('Artes Escénicas, Danza y Folclore', 2, '4ESO', ' optativas'),
('Ciencias Aplicadas Básicas I', 3, 'PEFP1', 'Formátivos de Carácter General'),
('Comunicación y Sociedad Básica I', 3, 'PEFP1', 'Formátivos de Carácter General'),
('Autonomía y Desarrollo Personal', 4, 'PEFP1', 'Formátivos de Carácter General'),
('Atención Básica al Cliente', 2, 'PEFP1', 'Formátivos de Carácter General'),
('Iniciación a la Actividad Laboral y Emprendedora', 2, 'PEFP1', 'Formátivos de Carácter General'),
('Prevención de Riesgos Laborales', 1, 'PEFP1', 'Formátivos de Carácter General'),
('Tutoría', 1, 'PEFP1', 'Formátivos de Carácter General'),
('Tratamiento Informático de Datos', 5, 'PEFP1', 'Profesionales'),
('Aplicaciones Básicas de Ofimática', 5, 'PEFP1', 'Profesionales'),
('Archivo y Comunicación', 4, 'PEFP1', 'Profesionales'),
('Ciencias Aplicadas Básicas I', 3, 'PEFP2', 'Formátivos de Carácter General'),
('Comunicación y Sociedad Básica I', 3, 'PEFP2', 'Formátivos de Carácter General'),
('Autonomía y Desarrollo Personal', 4, 'PEFP2', 'Formátivos de Carácter General'),
('Atención Básica al Cliente', 2, 'PEFP2', 'Formátivos de Carácter General'),
('Iniciación a la Actividad Laboral y Emprendedora', 2, 'PEFP2', 'Formátivos de Carácter General'),
('Prevención de Riesgos Laborales', 1, 'PEFP2', 'Formátivos de Carácter General'),
('Tutoría', 1, 'PEFP1', 'Formátivos de Carácter General'),
('Tratamiento Informático de Datos', 5, 'PEFP2', 'Profesionales'),
('Aplicaciones Básicas de Ofimática', 5, 'PEFP2', 'Profesionales'),
('Archivo y Comunicación', 4, 'PEFP2', 'Profesionales'),
('Formación en Centros de Trabajo', 0, 'PEFP2', 'Profesionales');

/*('Matemáticas I', 0, '1BTOCIENCIAS', ' obligatoria'),
('Educación Física', 0, '1BTOCIENCIAS', ' comunes'),
('Filosofía', 0, '1BTOCIENCIAS', ' comunes'),
('Lengua Castellana y Literatura I', 0, '1BTOCIENCIAS', ' comunes'),
('Lengua Extranjera (Inglés) I', 0, '1BTOCIENCIAS', ' comunes'),
('Religión', 0, '1BTOCIENCIAS', null),
('Biología, Geología y CC Ambiente', 0, '1BTOCIENCIAS', ' modalidad'),
('Tecnología e Ingeniería I', 0, '1BTOCIENCIAS', ' modalidad'),
('Dibujo Técnico I', 0, '1BTOCIENCIAS', ' modalidad'),
('Física y Química', 0, '1BTOCIENCIAS', ' modalidad'),
('Biología, Geología y CC Ambiente', 0, '1BTOCIENCIAS', ' optativas'),
('Tecnología e Ingeniería I', 0, '1BTOCIENCIAS', ' optativas'),
('Dibujo Técnico I', 0, '1BTOCIENCIAS', ' optativas'),
('Física y Química', 0, '1BTOCIENCIAS', ' optativas'),
('2 Lengua extranjera: Francés', 0, '1BTOCIENCIAS', 'optativas'),
('Anatomía Aplicada', 0, '1BTOCIENCIAS', 'optativas'),
('Desarrollo Digital', 0, '1BTOCIENCIAS', 'optativas'),
('Latín I', 0, '1BTOHUMCSO', ' obligatoria'),
('Matemáticas aplicadas a las CCSS I', 0, '1BTOHUMCSO', ' obligatoria'),
('Educación Física', 0, '1BTOHUMCSO', ' comunes'),
('Filosofía', 0, '1BTOHUMCSO', ' comunes'),
('Lengua Castellana y Literatura I', 0, '1BTOHUMCSO', ' comunes'),
('Lengua Extranjera (Inglés) I', 0, '1BTOHUMCSO', ' comunes'),
('Religión', 0, '1BTOHUMCSO', null),
('Griego I', 0, '1BTOHUMCSO', ' modalidad'),
('Economía', 0, '1BTOHUMCSO', ' modalidad'),
('H. Mundo Contemporáneo', 0, '1BTOHUMCSO', ' modalidad'),
('Literatura Universal', 0, '1BTOHUMCSO', ' modalidad'),
('Latín I (si no ha sido elegida entre las obligatorias)', 0, '1BTOHUMCSO', ' modalidad'),
('Matemáticas aplicadas a las CCSS I (si no ha sido elegida entre las obligatorias', 0, '1BTOHUMCSO', ' modalidad'),
('Griego I', 0, '1BTOHUMCSO', ' modalidad'),
('Economía', 0, '1BTOHUMCSO', ' modalidad'),
('H. Mundo Contemporáneo', 0, '1BTOHUMCSO', ' optativas'),
('Literatura Universal', 0, '1BTOHUMCSO', ' optativas'),
('Latín I (si no ha sido elegida)', 0, '1BTOHUMCSO', ' optativas'),
('Matemáticas aplicadas a las CCSS I (si no ha sido elegida', 0, '1BTOHUMCSO', ' optativas'),
('2 Lengua extranjera: Francés', 0, '1BTOHUMCSO', 'optativas'),
('Lenguaje y práctica musical', 0, '1BTOHUMCSO', 'optativas'),
('Psicología', 0, '1BTOHUMCSO', 'optativas')
*/
CREATE TABLE Incidencias (
  cod_incidencia INT PRIMARY KEY AUTO_INCREMENT,
  nombre varchar(100) NOT NULL,
  puntos int(11) NOT NULL,
  descripcion text
  );


INSERT INTO Incidencias (nombre, puntos, descripcion) VALUES
('Desconsideración con otros miembros de la comunidad escolar.', 3, 'Desconsideración con otros miembros de la comunidad escolar.'),
('Faltas injustificadas de asistencia a clase o de puntualidad.', 3, 'Faltas injustificadas de asistencia a clase o de puntualidad. '),
('Interrupción del normal desarrollo de las clases.', 3, 'Interrupción del normal desarrollo de las clases.'),
('Actos de indisciplina contra miembros de la comunidad escolar.', 5, 'Actos de indisciplina contra miembros de la comunidad escolar.'),
('Alteración del desarrollo normal de las actividades del centro.', 5, 'Alteración del desarrollo normal de las actividades del centro.'),
('Deterioro intencionado de material del centro o de otros miembros de la CE.', 5, 'Deterioro, causado intencionadamente, de las dependencias del centro, de su material, o materiales de otros miembros de la comunidad educativa.'),
('Acoso o la violencia contra las personas.', 10, 'Acoso o la violencia contra las personas, y las actuaciones perjudiciales para la salud y la integridad personal.'),
('Acoso o violencia contra el profesorado y las actuaciones perjudiciales para su salud e IP.', 10, 'Acoso o violencia contra el profesorado y las actuaciones perjudiciales para su salud y su integridad personal.'),
('Actos de indisciplina perjudiciales para el profesorado o el funcionamiento de la clase.', 10, 'Actos de indisciplina perjudiciales para el profesorado o el funcionamiento de la clase.'),
('Actos de indisciplina que alteren gravemente el desarrollo normal de las actividades del centro.', 10, 'Actos de indisciplina que alteren gravemente el desarrollo normal de las actividades del centro.'),
('Actos que menoscaben la autoridad del profesorado y perturban el desarrollo de las clases.', 10, 'Actos que menoscaben la autoridad del profesorado y perturban el desarrollo de las clases.'),
('Desconsideración hacia el profesorado.', 10, 'Desconsideración hacia el profesorado.'),
('Deterioro grave e intencionado de las dependencias del centro u otros miembros de la CE.', 10, 'Deterioro grave e intencionado de las dependencias del centro, de su material, o pertenencias de otros miembros de la comunidad educativa.'),
('Deterioro grave, causado intencionalmente, de propiedades y material del profesorado', 10, 'Deterioro grave, causado intencionalmente, de propiedades y material del profesorado'),
('Deterioro intencionado del material que utiliza el profesor en sus clases.', 10, 'Deterioro intencionado del material que utiliza el profesor en sus clases.'),
('Exhibir símbolos racistas, emblemas de ideologías que preconicen violencia, xenofobia o terrorismo.', 10, 'Exhibir símbolos racistas, emblemas o manifestación de ideologías que preconicen violencia, xenofobia o terrorismo.'),
('Incumplimiento de las medidas correctoras impuestas con anterioridad.', 10, 'Incumplimiento de las medidas correctoras impuestas con anterioridad.'),
('Incumplimiento reiterado de los alumnos de trasladar información a los tutores.', 10, 'Incumplimiento reiterado de los alumnos de trasladar información a los tutores.'),
('Injurias u ofensas graves contra otros miembros de la comunidad escolar.', 10, 'Injurias u ofensas graves contra otros miembros de la comunidad escolar.'),
('Injurias, ofensas graves, vejaciones o humillaciones hacia el profesorado.', 10, 'Injurias, ofensas graves, vejaciones o humillaciones hacia el profesorado.'),
('Interrupción reiterada de las clases y actividades educativas.', 10, 'Interrupción reiterada de las clases y actividades educativas.'),
('Introducción de objetos o sustancias peligrosas para la salud y la IP del profesorado.', 10, 'Introducción de objetos o sustancias peligrosas para la salud y la integridad personal del profesorado.'),
('Reiteración de conductas contrarias a las normas de convivencia en el centro.', 10, 'Reiteración de conductas contrarias a las normas de convivencia en el centro.'),
('Suplantación de identidad, falsificación de documentos que estén bajo responsabilidad del prof.', 10, 'Suplantación de identidad, falsificación o sustitución de documentos que estén bajo responsabilidad del profesorado.'),
('Suplantación de personalidad, la falsificación o sustracción de documentos y material académico.', 10, 'Suplantación de personalidad, la falsificación o sustracción de documentos y material académico.'),
('Utilizar símbolos e ideologías que menoscaben de la autoridad y dignidad del prof.', 10, 'Utilizar y exhibir símbolos o manifestar ideologías que supongan un menoscabo de la autoridad y dignidad del profesorado.'),
('Vejaciones o humillaciones a miembros de la C.E', 10, 'Vejaciones o humillaciones a miembros de la C.E, particularmente las de género, sexual o racial, o contra alumnado vulnerable.');

-- --------------------------------------------------------

CREATE TABLE Partes (
  cod_parte INTEGER NOT NULL auto_increment,
  cod_usuario INTEGER NOT NULL,
  matricula_Alumno varchar(20) NOT NULL,
  incidencia INT NOT NULL,
  materia INT NULL,
  fecha date NOT NULL,
  hora time NOT NULL,
  descripcion text,
  fecha_Comunicacion date NOT NULL,
  via_Comunicacion varchar(25) NOT NULL,
  tipo_Parte varchar(20) NOT NULL,
  caducado tinyint(1) NOT NULL,
  PRIMARY KEY (cod_parte),
  FOREIGN KEY (cod_usuario) REFERENCES Usuarios(cod_usuario),
  FOREIGN KEY (materia) REFERENCES Asignaturas(cod_asignatura),
  FOREIGN KEY (incidencia) REFERENCES Incidencias(cod_incidencia)


);

CREATE TABLE Expulsiones (
  cod_expulsion  INTEGER NOT NULL auto_increment,
  cod_usuario  INTEGER NOT NULL,
  matricula_del_Alumno varchar(20) NOT NULL,
  fecha_Inicio date DEFAULT NULL,
  Fecha_Fin date DEFAULT NULL,
  fecha_Insercion timestamp NOT NULL DEFAULT CURRENT_TIMESTAMP,
  PRIMARY KEY (cod_expulsion),
  FOREIGN KEY (cod_usuario) REFERENCES usuarios(cod_usuario),
  FOREIGN KEY (matricula_del_Alumno) REFERENCES alumnos(matricula)
);

CREATE TABLE PartesExpulsiones (
  cod_parte  INTEGER NOT NULL,
  cod_expulsion  INTEGER NOT NULL,
  PRIMARY KEY (cod_parte, cod_expulsion),
  FOREIGN KEY (cod_parte) REFERENCES Partes(cod_parte),
  FOREIGN KEY (cod_expulsion) REFERENCES Expulsiones(cod_expulsion)
);


INSERT INTO Alumnos (matricula, nombre, apellidos, grupo) VALUES
('2023/3533', 'Aroa', 'Abellán Gutiérrez', 'E1C'),
('2023/3495', 'Marcos', 'Agudo Rodríguez', 'E1E'),
('2023/1354', 'Nerea', 'Alonso Fernández', 'E1C'),
('2023/1356', 'Daniel', 'Alonso García', 'E1F'),
('2023/1357', 'Candela', 'Alonso Pleite', 'E1D'),
('2023/1358', 'Enrique', 'Álvarez Tamargo', 'E1A'),
('2023/1433', 'Omar', 'Arbouch Azami', 'E1F'),
('2023/3474', 'Bryhanna Nahomi', 'Avilez Cabrera', 'E1E'),
('2022/1230', 'Bilal', 'Barnoussi Chakir', 'E1F'),
('2023/3631', 'Mateo Yosue', 'Bazán Torre', 'E1E'),
('2022/1298', 'Imane', 'Belkaid Serroukh Rakba', 'E1F'),
('2023/3531', 'Anas', 'Benali ', 'E1F'),
('2023/3534', 'Aarón', 'Benítez Rodríguez', 'E1E'),
('2022/1280', 'Morad', 'Benkaddouche Ghoufrane', 'E1C'),
('2023/1359', 'Amelia', 'Birlea Krawczyk', 'E1A'),
('2023/1360', 'Rubén', 'Blas Balmaseda', 'E1C'),
('2023/3519', 'Ayoub', 'Boukharouaa Eddoughmi', 'E1C'),
('2023/3512', 'Samara', 'Burgos Del Alamo', 'E1C'),
('2023/3511', 'Amaia', 'Carcelén Tello', 'E1F'),
('2023/3508', 'Inés', 'Carrasco Moreno', 'E1D'),
('2023/3529', 'Eleazar', 'Castillo Chaparro', 'E1F'),
('2023/3498', 'Sara', 'Chhiti ', 'E1F'),
('2023/3502', 'David Ionut', 'Ciubotaru ', 'E1A'),
('2023/1461', 'Alba', 'Coleto Migallón', 'E1C'),
('2023/3643', 'Alba Nerea', 'Cortés Núñez', 'E1B'),
('2023/1361', 'Victoria', 'Criado Pérez', 'E1C'),
('2022/3418', 'Aarón Andrés', 'Cuadra Alvarado', 'E1E'),
('2023/3538', 'Lucía', 'de Ancos Fernández', 'E1B'),
('2023/1362', 'Victoria', 'de Armas Marfil', 'E1D'),
('2022/1233', 'César', 'de la Calle de Cabo', 'E1B'),
('2023/3527', 'Sandra', 'Del Ordi Hidalgo', 'E1F'),
('2023/3488', 'Adrián', 'Delgado González', 'E1A'),
('2023/3484', 'Itzíar', 'Díaz Aguinaga', 'E1D'),
('2023/1363', 'Alberto', 'Díaz Gutiérrez', 'E1B'),
('2023/3536', 'Roberto', 'Díaz Martínez', 'E1A'),
('2023/3497', 'Carla', 'Díaz Pérez', 'E1E'),
('2023/1364', 'Yassin', 'Dormani El Aabouri', 'E1D'),
('2022/3337', 'Romaissae', 'El Amrani ', 'E1B'),
('2023/3520', 'Sofian', 'El Youssfi El Yousefi', 'E1B'),
('2023/3482', 'Diego', 'Encinas Perea', 'E1D'),
('2023/1367', 'Adam', 'Errajaoui Boutaleb', 'E1E'),
('2023/3539', 'Diego', 'Esteban Lucas', 'E1A'),
('2023/1368', 'Laura', 'Fernández Bargueño', 'E1A'),
('2023/1369', 'Alberto', 'Fernández de León', 'E1A'),
('2023/3496', 'Martina', 'Fernández Rizo', 'E1C'),
('2023/3537', 'Lionel Benjamín', 'Ferreira Aldaya', 'E1E'),
('2023/3486', 'Alberto', 'Ferrón Sanz', 'E1F'),
('2023/3514', 'Adriana', 'Gaitán López', 'E1C'),
('2023/3490', 'Pablo', 'Galván Magán', 'E1E'),
('2023/3628', 'Naiara Luciana', 'Gálvez Cornejo', 'E1E'),
('2023/1370', 'Marta', 'Gálvez Soria', 'E1C'),
('2023/1372', 'Angie Nicol', 'Garcés García', 'E1B'),
('2023/3504', 'Álvaro', 'García Camacho', 'E1A'),
('2023/3524', 'Candela', 'García Morato', 'E1F'),
('2022/1254', 'Ignacio', 'García Muñoz', 'E1D'),
('2023/3586', 'Izan', 'Garzón Gangoso', 'E1B'),
('2022/1316', 'Mihai Daniel', 'Giurea ', 'E1D'),
('2023/3525', 'Gustavo', 'Gómez Artacho', 'E1B'),
('2023/2779', 'Carmen', 'Gómez de Álvaro', 'E1F'),
('2023/3516', 'Leo', 'Gómez Díaz', 'E1D'),
('2023/1455', 'David', 'Gómez Hernández', 'E1F'),
('2023/3587', 'Leyre', 'Gómez Martín', 'E1D'),
('2023/1375', 'Julio', 'Gómez Nombela', 'E1D'),
('2023/3492', 'Claudia', 'Gómez Villamor', 'E1C'),
('2023/1473', 'Julieta', 'González Gómez', 'E1E'),
('2023/3522', 'Luis David', 'Guerra Theis', 'E1E'),
('2023/3472', 'Miguel', 'Gutiérrez Godino', 'E1C'),
('2023/3513', 'Aitor', 'Gutiérrez Moreno', 'E1C'),
('2023/3481', 'Helena', 'Gutiérrez Rivera', 'E1F'),
('2023/3588', 'Anas', 'Haddu Belghazi', 'E1D'),
('2023/3518', 'Adam', 'Hafa ', 'E1C'),
('2023/1377', 'Malika', 'Hassaine Ezzriga', 'E1E'),
('2023/3541', 'Adam', 'Heddi Stati', 'E1B'),
('2023/1380', 'Hugo', 'Hernández Alonso', 'E1A'),
('2022/1238', 'José Luis', 'Hidalgo Muñoz', 'E1A'),
('2022/3332', 'Javier', 'Hidalgo Pleite', 'E1D'),
('2023/1462', 'Hugo', 'Hoyos Molina', 'E1E'),
('2023/3477', 'Claudia', 'Huecas Puebla', 'E1F'),
('2023/3589', 'Giulia María', 'Indres ', 'E1B'),
('2023/3499', 'Khawla', 'Jardane ', 'E1F'),
('2023/1381', 'Mateo', 'Jiménez Ferriz', 'E1A'),
('2023/3526', 'Roa', 'Kaaboun ', 'E1C'),
('2023/1459', 'Awatef', 'Kerkouri ', 'E1D'),
('2023/1392', 'Asmaa', 'Khalil ', 'E1B'),
('2023/1464', 'Virginia Natalia', 'Kidanka ', 'E1E'),
('2023/3542', 'Mario Andrei', 'Lascu ', 'E1A'),
('2023/3626', 'Hasina Sidahmed', 'Lbar Leyva', 'E1F'),
('2023/2798', 'Houdaifa', 'Lharrak ', 'E1B'),
('2023/1382', 'Alejandro', 'Lobo Pana', 'E1E'),
('2023/3506', 'Nadia', 'López Cecilia', 'E1C'),
('2023/3590', 'Alejandra', 'López Delgado', 'E1C'),
('2023/1383', 'Alejandro', 'López Lora', 'E1E'),
('2023/3493', 'Marcos', 'Maestre González', 'E1B'),
('2023/3530', 'Álvaro', 'Maldonado Benavente', 'E1C'),
('2023/1432', 'Adrián', 'Maldonado Cumplido', 'E1A'),
('2023/3505', 'Ahlam', 'Mammer ', 'E1E'),
('2022/3408', 'Edzon Adriano Francesko', 'Mandros Sosa', 'E1A'),
('2023/3528', 'Aarón', 'Manzano Laserna', 'E1A'),
('2023/3501', 'Iker', 'Manzano Lobo', 'E1B'),
('2023/1385', 'Rayane', 'Marso ', 'E1A'),
('2023/1384', 'Rafael', 'Martín Bargueño', 'E1B'),
('2023/3633', 'Elena', 'Martín Cantero', 'E1C'),
('2023/1440', 'Greta', 'Martín Escolante', 'E1D'),
('2023/1474', 'Adriana', 'Martín Gamero', 'E1E'),
('2022/1306', 'David', 'Martínez Barrios', 'E1C'),
('2023/1386', 'Álex', 'Matcaboja Puñal', 'E1A'),
('2023/3489', 'Nicolás', 'Mena Del Puerto', 'E1B'),
('2023/1387', 'Julen', 'Merino Muñiz', 'E1D'),
('2023/3543', 'Isaías Josué', 'Mesa Estévez', 'E1A'),
('2023/3521', 'Adriana', 'Monsalve Cantero', 'E1E'),
('2023/3517', 'Víctor Manuel', 'Montoya Ruano', 'E1A'),
('2022/3333', 'Marcos', 'Moya Calvo', 'E1C'),
('2023/3544', 'Deivid Joel', 'Nájera Pleite', 'E1A'),
('2023/3503', 'Valeria', 'Nasco ', 'E1C'),
('2023/3545', 'Gisela', 'Núñez Soriano', 'E1A'),
('2023/1388', 'Martina', 'Oncea Gracia', 'E1F'),
('2023/1389', 'Alonso', 'Ortega Lucas', 'E1C'),
('2023/1390', 'Héctor', 'Paniagua Sánchez', 'E1D'),
('2023/3471', 'Adrián', 'Pantoja Hernández', 'E1F'),
('2023/2791', 'Elena', 'Pantoja Hidalgo', 'E1C'),
('2023/1391', 'Elora', 'Pantoja Úbeda', 'E1B'),
('2023/3500', 'Víctor', 'Pareja García', 'E1F'),
('2023/1393', 'Aarón', 'Pérez Córdoba', 'E1E'),
('2023/3494', 'Aitor', 'Pérez Del Valle', 'E1A'),
('2023/1394', 'Clara', 'Pérez Martínez', 'E1D'),
('2023/1434', 'Fernando', 'Pérez Rodríguez', 'E1D'),
('2023/2783', 'Hugo', 'Pleite García', 'E1F'),
('2023/1395', 'Lucas', 'Pleite Serrano', 'E1D'),
('2023/3475', 'Alesya Lorena', 'Pop ', 'E1B'),
('2023/3476', 'Aitor', 'Poveda Pérez', 'E1C'),
('2023/1469', 'Aurora', 'Puñal Bargueño', 'E1E'),
('2022/3420', 'Izan', 'Puñal Esquinas', 'E1B'),
('2023/1403', 'Susana', 'Puñal Martínez', 'E1D'),
('2022/3419', 'Rui', 'Qiu ', 'E1F'),
('2023/1406', 'Daniel', 'Ramos Páramo', 'E1B'),
('2023/1407', 'Marcos', 'Riera Martín', 'E1D'),
('2023/3535', 'Yaiza', 'Rivero Álvarez', 'E1F'),
('2023/3473', 'Ainhoa', 'Rodríguez Bargueño', 'E1B'),
('2023/3479', 'Gonzalo', 'Rodríguez García', 'E1F'),
('2023/3480', 'Ainhoa', 'Rodríguez Gutiérrez', 'E1E'),
('2023/3478', 'Javier', 'Rodríguez Lázaro-Carrasco', 'E1E'),
('2023/1409', 'Gonzalo', 'Rodríguez Villaluenga', 'E1B'),
('2023/3523', 'Ángel', 'Rojas Del Salado', 'E1E'),
('2023/3470', 'Ayman', 'Sad ', 'E1E'),
('2023/1421', 'Rayan', 'Sadouq Ajem', 'E1E'),
('2023/1414', 'Aya', 'Sahib ', 'E1C'),
('2023/3487', 'Leyre', 'Sánchez García', 'E1B'),
('2023/1416', 'Hugo', 'Sánchez Vega', 'E1F'),
('2023/3485', 'Brian', 'Sanz Bermudo', 'E1C'),
('2023/3509', 'Inés', 'Serrano Pantoja', 'E1D'),
('2023/3591', 'Adam', 'Serroukh Tarik', 'E1F'),
('2023/1424', 'Estela', 'Sotomayor Nevado', 'E1B'),
('2023/3491', 'Alexandru David', 'Suteu Cazan', 'E1A'),
('2023/1460', 'Pedro', 'Vázquez Salinero', 'E1B'),
('2023/1430', 'Nora', 'Velasco Crespo', 'E1D'),
('2023/1438', 'Rubén', 'Villacañas Rodríguez', 'E1D'),
('2023/1426', 'Pablo', 'Villasevil Silva', 'E1A'),
('2023/3592', 'Nerea', 'Wrona González', 'E1B'),
('2023/1427', 'Alonso', 'Zaera Acebes', 'E1D'),
('2023/3532', 'Iman', 'Zaim Hormi', 'E1D'),
('2021/1162', 'Omayma', 'Ait Ichou ', 'E2F'),
('2023/3594', 'Mikaela', 'Albuja Vargas', 'E2A'),
('2022/1299', 'Aitor', 'Alconchel Sánchez', 'E2B'),
('2022/1262', 'Charafeddin', 'Allai Allay', 'E2G'),
('2022/1227', 'Aitana', 'Alonso García de la Parra', 'E2G'),
('2021/3169', 'Claudia', 'Alonso Rodríguez', 'E2C'),
('2021/3253', 'Joel', 'Alvarenga Duarte', 'E2G'),
('2021/3151', 'Shara Julia', 'Alves de Oliveira', 'E2A'),
('2020/2913', 'Sokayna', 'Anebri Serroukn', 'E2G'),
('2022/3410', 'Marcos', 'Aranda Toboso', 'E2A'),
('2021/1163', 'Daniel', 'Arévalo Dutil', 'E2C'),
('2022/3334', 'Ainhoa Marlén', 'Arias Cerdá', 'E2E'),
('2022/1352', 'Beltrán', 'Arias Mencía', 'E2F'),
('2022/3402', 'Angélica', 'Arroyo Uribe', 'E2C'),
('2021/3303', 'Marvin Alexánder', 'Avilez Cabrera', 'E2C'),
('2022/3330', 'Ibtissam', 'Baladi Ezzghary', 'E2E'),
('2022/1314', 'Alonso', 'Ballesteros Ontalba', 'E2C'),
('2022/1305', 'Alexandru', 'Barbulescu ', 'E2E'),
('2022/1228', 'Adrián', 'Bargueño Novillo', 'E2G'),
('2022/1229', 'Nerea', 'Bargueño Novillo', 'E2G'),
('2021/3137', 'Iliass', 'Belkaid Serroukh Rakba', 'E2F'),
('2022/1252', 'Salma', 'Benaichi El Abdellaoui', 'E2A'),
('2022/1276', 'Elena', 'Blanco Gómez', 'E2E'),
('2021/1180', 'Greta', 'Blázquez Del Río', 'E2G'),
('2022/2830', 'Noa', 'Boente Pousa', 'E2F'),
('2021/1125', 'Sebastián', 'Boicu ', 'E2C'),
('2022/1289', 'Carla', 'Bomba Martín', 'E2D'),
('2022/3310', 'Ángela', 'Calatrava Carrasco', 'E2E'),
('2022/3305', 'Guillermo', 'Carrascosa Díaz', 'E2F'),
('2023/3629', 'Ivana Antonela', 'Cazorla Rodríguez', 'E2A'),
('2022/3457', 'Leire', 'Cerro Fernández', 'E2D'),
('2021/1182', 'Aya', 'Chaoui Sghiouri-Idrissi', 'E2F'),
('2023/3585', 'Sulayman', 'Cheddadi El Harrak', 'E2B'),
('2022/1323', 'Hiba', 'Chetouan Assal', 'E2F'),
('2021/1179', 'Ouasim', 'Chhiti Arhnir', 'E2E'),
('2020/3079', 'Javier', 'Cordero Cabezón', 'E2G'),
('2022/3467', 'Azahara', 'Couz Moreno', 'E2D'),
('2021/1123', 'Joel', 'Cuadros Soter', 'E2D'),
('2022/1232', 'Begna Francy', 'de Freitas Silva', 'E2F'),
('2022/1250', 'Penélope', 'Del Cueto Santa Â–’Rsula', 'E2E'),
('2022/1326', 'Jimena', 'Del Ordi Castaño', 'E2E'),
('2022/1295', 'Daniel', 'Del Sol Pleite', 'E2F'),
('2022/3319', 'Mikel', 'Del Valle Martín', 'E2B'),
('2021/1096', 'Rubén', 'Delgado Fernández', 'E2D'),
('2022/1290', 'Manuel', 'Díaz Sánchez', 'E2B'),
('2022/1251', 'Rocío', 'Díaz Úbeda', 'E2G'),
('2022/1235', 'Nahira', 'Díaz Zambrano', 'E2G'),
('2022/3468', 'Letizia', 'Dilla Martínez', 'E2D'),
('2021/1126', 'Mohamed', 'El Harty ', 'E2D'),
('2022/1277', 'Hossam', 'El Hmamssi Echahbi', 'E2D'),
('2022/1296', 'Aroa', 'Enamorado Vicente', 'E2F'),
('2022/1351', 'Ángel', 'Fernández Bargueño', 'E2F'),
('2021/1097', 'Alejandro', 'Fernández Pérez', 'E2E'),
('2022/1308', 'Inés', 'Fernández Sánchez', 'E2F'),
('2022/1328', 'Martina', 'Frontera Rodríguez', 'E2F'),
('2022/3466', 'Kelvin Javier', 'Funes Pacheco', 'E2B'),
('2022/1255', 'Lucía', 'Gálvez Mancebo', 'E2D'),
('2020/2947', 'Andrés', 'García de la Parra Sánchez', 'E2A'),
('2021/3160', 'Guillermo', 'García de la Parra Sánchez', 'E2A'),
('2021/3143', 'Anthony', 'García Giraldo', 'E2A'),
('2022/3264', 'Cayetana', 'García González', 'E2D'),
('2022/1236', 'Irene', 'García Navas', 'E2E'),
('2022/1339', 'Alejandro', 'García Rincón', 'E2F'),
('2020/3018', 'Daniel', 'García Rodríguez', 'E2D'),
('2021/3179', 'Fabio', 'García Rodríguez', 'E2C'),
('2022/3324', 'Arón', 'García Rubio', 'E2C'),
('2022/1287', 'Norah', 'Garrido Moreno', 'E2G'),
('2022/3328', 'José', 'González Nieto', 'E2E'),
('2022/1300', 'Sherezade', 'González Sánchez', 'E2D'),
('2021/1104', 'Sergio', 'González Vargas', 'E2D'),
('2022/3315', 'Miguel Afonso', 'Grancho Guerra Dos Santos', 'E2E'),
('2022/1237', 'Rafael', 'Gutiérrez Calatrava', 'E2G'),
('2022/3353', 'Alberto', 'Gutiérrez Gómez', 'E2E'),
('2022/3404', 'Marina', 'Gutiérrez Rodríguez', 'E2D'),
('2023/3644', 'Hafsa', 'Haddaoui El Ghazouani', 'E2A'),
('2022/1258', 'Coral', 'Hernández de la Torre', 'E2E'),
('2022/1344', 'Mario', 'Hernández Fernández de Velasco', 'E2F'),
('2021/1106', 'Helena', 'Huecas Artacho', 'E2A'),
('2022/3405', 'Carolina', 'Ihnatenkov Da Silva', 'E2E'),
('2021/3185', 'Daniela', 'Ionel Huecas', 'E2E'),
('2022/1331', 'Alejandro', 'Izquierdo Jiménez', 'E2E'),
('2022/1261', 'Gonzalo', 'Jiménez Rodríguez', 'E2G'),
('2022/3428', 'Iyad', 'Kaaboun Ouchani', 'E2D'),
('2022/1284', 'Aya', 'Karim Hourmy', 'E2F'),
('2021/3290', 'Petra Redempta', 'Kidanka ', 'E2C'),
('2022/3406', 'Fátima', 'Laziri ', 'E2C'),
('2022/3407', 'Zahia', 'Laziri ', 'E2C'),
('2021/3174', 'Mario', 'León Zamora', 'E2A'),
('2022/1317', 'Jesús', 'López Barquin', 'E2G'),
('2022/3316', 'Hugo', 'López Garzón', 'E2A'),
('2022/1239', 'Ana', 'López Lora', 'E2A'),
('2022/2888', 'Elsa', 'López Manzanero', 'E2C'),
('2020/3038', 'Aitana', 'López Reyes', 'E2E'),
('2021/3150', 'Raquel', 'López Reyes', 'E2B'),
('2022/3321', 'Diego', 'López Viñuela', 'E2G'),
('2022/1318', 'Adriana', 'Lorenzo Gómez', 'E2D'),
('2022/1319', 'Andrea', 'Lorenzo Gómez', 'E2D'),
('2022/2859', 'Julia', 'Lucas Burgos', 'E2F'),
('2020/3036', 'Rawad', 'Mannan Bouhlal', 'E2G'),
('2021/3178', 'Lucas Exequiel', 'Marín Bertola', 'E2A'),
('2022/1266', 'Julia', 'Maroto Tordesillas', 'E2C'),
('2021/1139', 'Claudia', 'Martín Alconchel', 'E2E'),
('2022/1270', 'Judith', 'Martín Alonso', 'E2A'),
('2022/1263', 'Alejandra', 'Martín Gamero', 'E2G'),
('2022/1240', 'Lucía', 'Martín Gutiérrez', 'E2E'),
('2022/3335', 'Erik', 'Martín Heredia', 'E2A'),
('2022/1301', 'Ainhoa', 'Martín Oleaga', 'E2F'),
('2022/1302', 'Manuel', 'Martín Olivares', 'E2G'),
('2022/3252', 'Sara', 'Martín Pérez', 'E2D'),
('2021/1200', 'Tatiana', 'Martínez Barrios', 'E2F'),
('2021/3152', 'Nerea', 'Martínez Rojo', 'E2G'),
('2022/3463', 'Kendra Cesia', 'Martínez Salazar', 'E2B'),
('2022/3329', 'Diego', 'Moreno Heredia', 'E2E'),
('2022/3322', 'Idaira', 'Moreno Justo', 'E2C'),
('2022/1241', 'Adrián', 'Moreno Sánchez', 'E2G'),
('2022/1242', 'Erika', 'Moreno Villaluenga', 'E2G'),
('2022/1243', 'Marwa', 'Moudou Benioual', 'E2G'),
('2021/1192', 'Kenneth Miguel', 'Moya Rizo', 'E2E'),
('2022/3314', 'Lucas', 'Muñiz Pantoja', 'E2D'),
('2022/1281', 'Diego', 'Muñoz Maroto', 'E2C'),
('2022/1259', 'Ariadna', 'Muñoz Soldado', 'E2A'),
('2022/1303', 'Alba', 'Naranjo Barroso', 'E2F'),
('2022/3323', 'Izan', 'Nozal Lucas', 'E2B'),
('2022/3423', 'Gabriela', 'Oncea Gracia', 'E2D'),
('2021/1116', 'Fátima Zahra', 'Ourarhi ', 'E2F'),
('2022/1275', 'Marwa', 'Ourarhi ', 'E2C'),
('2022/3331', 'Óscar', 'Pareja García', 'E2E'),
('2022/3326', 'David Adrián', 'Patru ', 'E2A'),
('2022/1245', 'Antonella', 'Payo Ascanio', 'E2G'),
('2022/3318', 'Andrea Sophia', 'Paz Hércules', 'E2C'),
('2022/3312', 'Manuela Cristina', 'Pereira Martínez', 'E2G'),
('2021/3258', 'Antonio', 'Pérez García', 'E2G'),
('2022/3077', 'Martina', 'Pérez González', 'E2E'),
('2022/1253', 'Paula', 'Pérez Jiménez', 'E2G'),
('2020/2982', 'Eduardo', 'Pérez López-Guerrero', 'E2D'),
('2022/3469', 'Alejandro Maximiliano', 'Pérez Moroche', 'E2A'),
('2022/1246', 'Nora', 'Pérez Villanueva', 'E2A'),
('2022/3430', 'Ángel', 'Pérez Yackowetsky', 'E2B'),
('2022/3429', 'Javier', 'Pérez Yackowetsky', 'E2B'),
('2021/1174', 'Iván', 'Petronila Ruales', 'E2B'),
('2022/2814', 'Sofía', 'Plaza Bautista', 'E2F'),
('2021/3165', 'Marisol', 'Pleite Bargueño', 'E2F'),
('2022/1247', 'Pablo', 'Portanova Canales', 'E2C'),
('2022/3412', 'Ashley Sariah', 'Portlock Estrada', 'E2A'),
('2022/3399', 'Hailey Sariah', 'Portlock Estrada', 'E2A'),
('2022/3413', 'Kelly Sariah', 'Portlock Estrada', 'E2A'),
('2022/1333', 'Jaime', 'Puebla Gómez', 'E2D'),
('2022/3311', 'Miriam', 'Puñal Puñal', 'E2B'),
('2022/3401', 'Bianca Ioana', 'Raduca ', 'E2A'),
('2022/1349', 'Adrián', 'Ramírez Fuentes', 'E2E'),
('2022/1325', 'Celia', 'Ramírez Núñez', 'E2G'),
('2022/1264', 'Adrián', 'Ramos Aguirre', 'E2D'),
('2022/3308', 'Mateo', 'Redondo Chozas', 'E2F'),
('2022/3313', 'Paula', 'Rey Alconchel', 'E2B'),
('2022/1269', 'Iker', 'Rincón Gálvez', 'E2C'),
('2022/1272', 'Marcos', 'Rodríguez García', 'E2C'),
('2022/1256', 'Jara', 'Rodríguez Martín', 'E2E'),
('2022/1260', 'Asier', 'Román Sánchez', 'E2C'),
('2021/1117', 'Damaris', 'Romero Lajara', 'E2B'),
('2022/3327', 'Yaiza', 'Romero Moreno', 'E2B'),
('2021/3157', 'Marco', 'Ruiz Aguado', 'E2A'),
('2021/1124', 'Iker', 'Ruiz Villar', 'E2D'),
('2022/1267', 'Ossama', 'Salhi Aguanich', 'E2B'),
('2022/3325', 'Iratxe', 'Sánchez Del Amo', 'E2C'),
('2022/3409', 'Lucía', 'Sánchez León', 'E2F'),
('2021/3147', 'Lucía', 'Sánchez Martín', 'E2F'),
('2022/3317', 'Alejandro', 'Sánchez Sánchez-Guzmán', 'E2B'),
('2021/3191', 'Miguel', 'Solano Moreno', 'E2C'),
('2022/1248', 'Gonzalo', 'Téllez Hernández', 'E2B'),
('2023/3639', 'Susana', 'Toba Conde', 'E2F'),
('2022/1315', 'Daniel', 'Vaquerizo Vélez', 'E2C'),
('2023/3625', 'Danna Valeria', 'Vega Valdés', 'E2F'),
('2022/1249', 'Elisa', 'Velasco Jiménez', 'E2C'),
('2022/3309', 'Lucas', 'Vicente Hernández', 'E2B'),
('2021/1168', 'David', 'Villa Hidalgo', 'E2F'),
('2022/3424', 'Hugo', 'Villar Pleite', 'E2B'),
('2022/1257', 'Julia', 'Villasevil Hernández', 'E2E'),
('2022/3306', 'Lucía', 'Villasevil Marín', 'E2G'),
('2022/3029', 'Aarón', 'Villasevil Martin-Anguis', 'E2B'),
('2022/1345', 'Daniel', 'Yuste Silvestre', 'E2B'),
('2022/1321', 'Izaskun', 'Zamarreño Vallejo', 'E2D'),
('2021/1193', 'Douaa', 'Zelaoui Zelaoui', 'E2B'),
('2021/3184', 'Neila', 'Zvilauslaite ', 'E2E'),
('2021/1140', 'Paula', 'Abellán Gutiérrez', 'E3C'),
('2021/1175', 'Álvaro', 'Agüera de la Cueva', 'E3D'),
('2021/1219', 'Marcos', 'Alonso Alonso', 'E3B'),
('2021/1226', 'Gabriel', 'Alonso García', 'DIV3B'),
('2021/1196', 'Inés', 'Alonso Martín', 'E3E'),
('2021/614', 'Pablo', 'Alonso Pantoja', 'E3D'),
('2019/2792', 'Saúl', 'Alonso Rivera', 'E3E'),
('2021/3254', 'Karla Nerea', 'Arias Cerdá', 'E3E'),
('2021/3162', 'Alisson', 'Arias Salazar', 'E3C'),
('2019/1076', 'Nayeli', 'Baeza Marín', 'E3C'),
('2021/1207', 'Andrés', 'Balmaseda Martín', 'E3D'),
('2021/3149', 'Ángela', 'Bargueño Pleite', 'E3A'),
('2021/1199', 'Oliver', 'Barrios García', 'E3A'),
('2021/1159', 'Irene', 'Becerra Bargueño', 'E3C'),
('2021/1206', 'Ignacio', 'Belloso Serrano', 'DIV3B'),
('2021/1092', 'Carlota', 'Cabañas García', 'E3D'),
('2021/1222', 'Sandra', 'Calvo Cabello', 'E3D'),
('2021/1197', 'Mario', 'Canales Martín', 'E3D'),
('2021/1195', 'Celia', 'Carrillo Segovia', 'E3D'),
('2022/3411', 'Leyre Alicia', 'Castro Del Mazo', 'E3E'),
('2021/1181', 'Héctor', 'Celi Pérez', 'E3B'),
('2021/1209', 'Carlos', 'Cerro Timón', 'E3D'),
('2021/1183', 'Hugo', 'Chicote Sagredo', 'E3E'),
('2021/1095', 'Manuel', 'Corrales Lavela', 'E3E'),
('2021/1205', 'Erika', 'Cubero López', 'E3C'),
('2021/3173', 'Adrián', 'de Arce Jiménez', 'E3D'),
('2021/1208', 'Lucía', 'Del Río Perezagua', 'E3D'),
('2021/3167', 'Marcos', 'Díaz Gómez', 'E3C'),
('2021/1211', 'Vera', 'Díaz Sánchez', 'E3A'),
('2023/3621', 'José Arturo', 'Eguez Araúz', 'E3C'),
('2021/3138', 'Ayoub', 'El Guouhi Iraamane', 'E3A'),
('2019/1058', 'Abdelhak', 'El Harty Akoubaa', 'E3D'),
('2021/1221', 'Iman', 'Errajaoui Boutaleb', 'DIV3B'),
('2021/1121', 'Daniel', 'Escudero Rodríguez', 'E3D'),
('2021/3155', 'Jimena', 'Esteban Galán', 'E3C'),
('2021/1172', 'Aitor', 'Fernández Carretero', 'E3D'),
('2021/1215', 'Eduardo', 'Fernández Pablo', 'E3E'),
('2021/3122', 'Gabriel', 'Flores Álvarez', 'E3D'),
('2021/1186', 'Elena María', 'García Fernández', 'DIV3B'),
('2021/1173', 'Adrián', 'García Gutiérrez', 'E3D'),
('2021/1098', 'José María', 'Garoz Corrales', 'E3C'),
('2021/3158', 'Andrés Mauricio', 'Giraldo Orrego', 'E3E'),
('2021/1187', 'Aitor', 'Gómez Barroso', 'E3B'),
('2019/2863', 'Izan', 'Gómez Montoya', 'E3D'),
('2021/3176', 'Lucía', 'Gómez Rodríguez', 'DIV3A'),
('2021/1101', 'Miguel', 'González de la Fuente', 'E3E'),
('2021/3156', 'Roberto', 'González Fernández', 'E3E'),
('2020/2967', 'Mario', 'González García', 'DIV3A'),
('2021/3242', 'Leire', 'González Sánchez', 'E3C'),
('2021/1103', 'Ricardo', 'González Santos', 'DIV3B'),
('2021/1149', 'Alba', 'Guerra de la Torre', 'DIV3A'),
('2021/1176', 'Álvaro', 'Gutiérrez Arellano', 'E3A'),
('2021/3190', 'Lucía', 'Gutiérrez Berrio', 'E3C'),
('2020/2953', 'Samuel', 'Gutiérrez Santa Ursula', 'E3E'),
('2020/3037', 'Haron', 'Hassaine Ezzriga', 'DIV3A'),
('2021/1105', 'Luis', 'Hernández Alonso', 'E3A'),
('2021/3144', 'Elena', 'Hernández Hidalgo', 'E3E'),
('2021/3133', 'Nerea', 'Hernández Sánchez', 'E3C'),
('2021/1164', 'Claudia', 'Herrera Santos', 'E3C'),
('2021/1170', 'Martín', 'Huerta Barranquez', 'DIV3B'),
('2021/3145', 'Mateo', 'Infiesta Cerdido', 'E3C'),
('2020/2958', 'Lina', 'Jebari El Kamlichi', 'E3B'),
('2021/3292', 'Sofía', 'Jiménez Estrada', 'E3C'),
('2021/3139', 'Adam', 'Khatiri Ouhayed', 'E3E'),
('2021/3140', 'Nadir', 'Khatiri Ouhayed', 'E3E'),
('2021/3166', 'Rodrigo', 'López Díaz', 'E3A'),
('2021/1201', 'Lucas', 'López Pacheco', 'E3E'),
('2021/1177', 'Carolina', 'Madrid Roa', 'E3D'),
('2020/2963', 'David', 'Magán Ávila', 'E3C'),
('2021/1107', 'Alba', 'Marcote Calzada', 'E3E'),
('2023/3627', 'Claudia', 'Martín Arrube', 'E3C'),
('2021/1108', 'Laura', 'Martín Del Viso', 'DIV3A'),
('2021/3154', 'Gema', 'Martín Gudiel', 'E3C'),
('2021/3146', 'Ángela', 'Martín Martín Anguis', 'E3B'),
('2021/3161', 'Irene', 'Martín Puñal', 'E3C'),
('2021/3148', 'Sara', 'Martínez Resina', 'E3C'),
('2020/3020', 'Dama Mariana', 'Matute Benito', 'E3E'),
('2021/1165', 'Ayman', 'Merzguioui Mhand Yamna', 'E3A'),
('2020/2974', 'Izan Marcos', 'Mínguez Vázquez', 'E3A'),
('2021/3164', 'Candela', 'Moreno Bargueño', 'E3C'),
('2021/1166', 'Raquel', 'Moreno Blanco', 'E3D'),
('2020/2979', 'Paula', 'Moyano Sánchez', 'E3C'),
('2021/1204', 'Sandra', 'Muñoz Cenamor', 'E3D'),
('2020/2981', 'Ishac', 'Nedoui Messaouri Haskouri', 'E3E'),
('2022/3426', 'Lina', 'Nouni Bentais', 'E3E'),
('2020/2941', 'Hugo del', 'Ordi García', 'E3D'),
('2021/1130', 'Luis Daniel', 'Ordóñez Zettel', 'DIV3B'),
('2021/1129', 'Nadia Judith', 'Ordóñez Zettel', 'DIV3A'),
('2022/3414', 'José Luis', 'Palacios Ramírez', 'E3B'),
('2021/1191', 'Diego', 'Palomo Gómez', 'E3E'),
('2021/1128', 'David', 'Pareja García', 'E3B'),
('2019/2786', 'David', 'Pérez Hernández', 'E3E'),
('2021/3125', 'Alba', 'Pleite Alonso', 'E3A'),
('2021/1203', 'Adrián', 'Pleite García', 'DIV3A'),
('2021/1188', 'Adrián', 'Pleite Jiménez', 'E3B'),
('2021/1189', 'Samuel', 'Pleite Jiménez', 'E3D'),
('2021/3168', 'Jaime', 'Pombo Martínez', 'E3B'),
('2021/3189', 'Jaime', 'Prieto Elices', 'E3E'),
('0/2800629', 'Soraya', 'Rodríguez Alarcón', 'E3D'),
('2021/1212', 'Marco', 'Rodríguez Alonso', 'E3B'),
('2021/1217', 'Irene', 'Rodríguez Gutiérrez', 'E3B'),
('2021/3182', 'Néstor', 'Rodríguez Martín', 'E3A'),
('2021/3180', 'Aitana', 'Rodríguez Muñoz', 'DIV3B'),
('2021/1190', 'Cristian', 'Romero Pleite', 'DIV3B'),
('2021/1202', 'Marcos', 'Romero Tabasco', 'E3E'),
('2021/1118', 'Alyson', 'Ronquillo Velasquez', 'E3C'),
('2019/2757', 'Juan Carlos', 'Rosado Vega', 'E3C'),
('2021/1167', 'Carlos', 'Ruano Huecas', 'E3D'),
('2020/2998', 'Abdelbasset', 'Salhi Aguanich', 'DIV3A'),
('2021/1127', 'Lucía', 'Sánchez Díaz', 'E3A'),
('2021/1120', 'Cayetana', 'Sánchez Hernández', 'DIV3B'),
('2021/1194', 'Aitana', 'Sánchez Pantoja', 'E3A'),
('2021/3159', 'Nerea', 'Sánchez Pantoja', 'DIV3A'),
('2021/3171', 'Adrián', 'Seguido Vilaseca', 'E3C'),
('2021/3136', 'Diego', 'Sierra Lizana', 'E3B'),
('2021/3177', 'Amaia', 'Toro Villalba', 'E3C'),
('2021/1156', 'María de Gracia', 'Vázquez Salinero', 'E3E'),
('2020/3008', 'Li Jun', 'Ye ', 'E3E'),
('2019/1063', 'Lucía', 'Alcántara Santos', 'DIV4E'),
('2020/2906', 'Inés', 'Alfageme Guerrero', 'E4D'),
('2020/3039', 'Manar', 'Allai Allai', 'E4A'),
('2019/1083', 'Daniel', 'Alonso Fernández', 'E4E'),
('2020/2908', 'Alejandra', 'Alonso Pleite', 'E4D'),
('2020/2909', 'Roberto', 'Alonso Romero', 'E4A'),
('2020/2910', 'Alfredo', 'Alonso Sánchez', 'E4F'),
('2019/2773', 'María Alejandra', 'Alonso Valero', 'E4F'),
('2020/2911', 'Jorge', 'Álvarez Tamargo', 'E4B'),
('2019/1026', 'Amador', 'Anaya Muñiz', 'E4B'),
('2020/2912', 'Raúl Ioan', 'Andrés ', 'E4B'),
('2020/2915', 'Lucía', 'Aragonés Núñez', 'E4C'),
('2020/2916', 'Adrián', 'Ayuso del Pliego', 'E4F'),
('2020/3025', 'Yassin', 'Azhimi Tadlaoui', 'DIV4F'),
('2020/3031', 'Diego', 'Bargueño Pleite', 'E4E'),
('2019/2867', 'Mohamed', 'Benali ', 'DIV4E'),
('2019/1054', 'Mohammed', 'Benchahboune Amachraa', 'E4E'),
('2019/1088', 'Sara', 'Benkaddouche Ghoufrane', 'E4D'),
('2020/2917', 'Hugo', 'Blas Balmaseda', 'E4C'),
('2020/2918', 'Javier', 'Bonilla Saby', 'E4C'),
('2020/2919', 'María', 'Brasa Ibáñez', 'E4A'),
('2020/2920', 'Miriam', 'Cáceres Palomar', 'E4D'),
('0/2805626', 'Juan José', 'Cantero Garrote', 'E4A'),
('2020/2922', 'Claudia', 'Cárdenas López', 'E4A'),
('2020/2923', 'Enrique', 'Carrascosa Díaz', 'E4C'),
('2020/2924', 'Maxi', 'Carrascosa Díaz', 'E4C'),
('2020/2925', 'Diego', 'Carrero Luna', 'E4C'),
('2020/2926', 'Lucía', 'Casanova Huecas', 'E4A'),
('2019/2653', 'Yanira', 'Cercas Fernández', 'E4E'),
('2020/2927', 'Anouar', 'Chabou El Adoumi', 'E4B'),
('2019/2744', 'Mounir', 'Chabou El Adoumi', 'E4F'),
('2020/2928', 'Álvaro', 'Chico Fernández', 'E4B'),
('2020/2929', 'Isabela Elena', 'Ciobanu ', 'E4D'),
('2020/3028', 'Nicolás', 'Corcuera Rafael de la Cruz', 'E4D'),
('2020/2930', 'Lucía', 'Corral Sánchez', 'E4C'),
('2020/2931', 'Andrea', 'de Armas Marfil', 'E4B'),
('2019/1023', 'Víctor', 'Del Cueto Santa Úrsula', 'DIV4F'),
('2020/3040', 'Christian', 'Del Pozo Pastiu', 'E4F'),
('2020/2932', 'Javier', 'Del Salado Del Cerro', 'E4D'),
('2023/3630', 'Jorge', 'Díaz García', 'E4B'),
('2020/2933', 'Milenia', 'Díaz Rodríguez', 'E4A'),
('2020/2934', 'Candela', 'Donaire Llorente', 'E4A'),
('2020/2935', 'Ilias', 'El Aabouri Labouri', 'E4A'),
('2023/3648', 'Tasnim', 'El Haouas ', 'E4C'),
('2020/2939', 'Carla', 'Esteban Villaluenga', 'E4C'),
('2019/2767', 'Mónica', 'Fernández Flores', 'E4E'),
('2020/2940', 'Aitana', 'Fernández Valiente', 'E4A'),
('2020/2942', 'Carolina', 'Fernández Vera', 'E4A'),
('2020/2943', 'Alba', 'Ferrón Sanz', 'E4C'),
('2020/2944', 'Valeria', 'Figueroa Ortiz', 'E4A'),
('2020/2945', 'Pedro', 'Fraile Carrascosa', 'E4C'),
('2020/2946', 'Isabel', 'Fuentes Romero', 'E4A'),
('2020/3026', 'Pedro Armando', 'Galán Rodríguez', 'DIV4E'),
('2019/1044', 'Marcos', 'Galán Vidal', 'E4D'),
('2020/3016', 'Diego', 'Gálvez Fernández', 'E4A'),
('2020/3017', 'Marcos', 'Gamboa Pérez', 'E4B'),
('2022/3459', 'Lucía', 'García Bullido', 'E4F'),
('2021/3300', 'Brahian Estiven', 'García Cardona', 'DIV4F'),
('2020/3011', 'Triana', 'García de Jesús', 'E4A'),
('2020/2948', 'Andrea', 'García García', 'E4A'),
('2020/2949', 'Diego', 'García Oliva', 'E4C'),
('2019/2762', 'Erica', 'García Rainero', 'E4F'),
('2019/1037', 'Andrés', 'García Rojas', 'E4B'),
('2020/2950', 'Pablo', 'Garrido García', 'E4A'),
('2019/1020', 'Lorenzo Marcel', 'Gobeja ', 'E4D'),
('2019/1043', 'Alba', 'Gómez Artacho', 'DIV4E'),
('2019/2777', 'Adrián', 'Gómez Cogolludo', 'E4B'),
('2019/1059', 'Ismael', 'Gómez García', 'DIV4F'),
('2019/2753', 'Óscar', 'Gómez Hernández', 'E4B'),
('2020/3084', 'Lara', 'Gómez Sánchez', 'E4C'),
('2019/2756', 'Ana', 'González Santos', 'E4F'),
('2019/1029', 'Álvaro', 'González Serda', 'DIV4F'),
('2020/2951', 'José Jorge', 'González Vargas', 'DIV4E'),
('2019/1091', 'Gelu Emanuel', 'Groza ', 'E4D'),
('2019/1111', 'Julio', 'Gutiérrez Arellano', 'E4E'),
('2020/2952', 'Aitor', 'Gutiérrez Puñal', 'E4B'),
('2019/1024', 'Darko', 'Gutiérrez Santa Ursula', 'DIV4E'),
('2020/2954', 'Beatriz', 'Gutiérrez Villasevil', 'E4A'),
('2023/3645', 'Mariam', 'Haddaoui El Ghazouani', 'E4D'),
('2020/3032', 'Iman', 'Hafa ', 'DIV4F'),
('2020/3019', 'Aitor', 'Hernández Letellez', 'DIV4F'),
('2020/2956', 'Beltrán', 'Infiesta Cerdido', 'E4C'),
('2020/2957', 'Enma', 'Jaime Díaz', 'E4A'),
('2020/3034', 'Hicham', 'Jaouad Benchouikh', 'DIV4F'),
('2019/1078', 'Thomas', 'Jiménez Hernández', 'E4B'),
('2020/2959', 'Sergio', 'Jiménez Ramírez', 'E4B'),
('2020/3027', 'Adam', 'Karim Hourmy', 'E4A'),
('2023/3624', 'Malek', 'Khaled Hassan Mohamed Abdelhamid', 'E4C'),
('2020/3035', 'Saad', 'Khalil ', 'DIV4F'),
('2023/3632', 'Yasmina', 'Labrouzi ', 'E4E'),
('2020/2961', 'Irene', 'López Díaz', 'E4C'),
('2020/2962', 'Inés', 'López Manzanero', 'E4C'),
('2018/1008', 'Lucía', 'Luque Sepúlveda', 'DIV4F'),
('2020/2964', 'Daniel', 'Magán Puñal', 'E4E'),
('2020/2965', 'Marcos', 'Maldonado Benavente', 'E4C'),
('2020/2966', 'Tania', 'Mancheño Cubiles', 'E4A'),
('2019/1056', 'Rayan', 'Mannan Bouhlal', 'E4B'),
('2020/2968', 'Álvaro', 'Mansilla Martínez', 'E4D'),
('2020/2969', 'Paula', 'Mansilla Martínez', 'E4A'),
('2020/2970', 'Paula', 'Marcote Calzada', 'E4B'),
('2018/886', 'Iñaki', 'Maroto Fernández', 'E4D'),
('2019/2780', 'Paula', 'Maroto Saldaña', 'E4B'),
('2020/2971', 'Marcos', 'Martín Burgos', 'E4D'),
('2020/2972', 'José Manuel', 'Martín Gamero', 'E4B'),
('2020/2973', 'Sergio', 'Martín Olivares', 'E4A'),
('2019/2790', 'Guadalupe', 'Mate Barrena', 'DIV4E'),
('2019/2787', 'Alejandro', 'Matute Benito', 'E4D'),
('2021/3268', 'Marcos', 'Montenegro Sánchez', 'E4D'),
('2020/2977', 'Esther', 'Mora Alonso', 'E4E'),
('2020/2978', 'Paz', 'Mora Barranquero', 'E4C'),
('2018/958', 'Isaac', 'Moyano Sánchez', 'E4B'),
('2020/2980', 'Adriana', 'Muñoz Rodríguez', 'E4A'),
('2019/1028', 'Ainhoa', 'Oreja Rodríguez', 'DIV4E'),
('2019/1141', 'Amaya', 'Pavón Maya', 'E4D'),
('2019/1133', 'Elisa', 'Paz Hércules', 'E4A'),
('2019/2823', 'Mario Ismael', 'Peña González', 'E4D'),
('2022/3462', 'Elizabeth', 'Peñuela Martínez', 'DIV4E'),
('2020/3022', 'León José', 'Pereira Martínez', 'E4C'),
('2020/2984', 'Irene', 'Pérez Rodríguez', 'E4C'),
('2019/1032', 'Aitor', 'Plasencia López', 'DIV4E'),
('2020/2985', 'Lorena', 'Plaza Sánchez', 'E4D'),
('2020/3073', 'Alba', 'Pradillos Medina', 'DIV4E'),
('2020/3013', 'Nahiara', 'Prudencio Rojas', 'E4F'),
('2020/2987', 'Henar', 'Pulgar Arias', 'E4C'),
('2019/2754', 'Aroa', 'Puñal Esquinas', 'E4B'),
('2020/2988', 'Ismael', 'Puñal García', 'E4F'),
('2019/1138', 'Amanda', 'Puñal Puñal', 'DIV4E'),
('2020/3097', 'Chen Ni', 'Qiu ', 'DIV4F'),
('2020/2989', 'Lucía', 'Rapun Fernández', 'E4C'),
('2020/2990', 'Paula', 'Reca Cervantes', 'E4C'),
('2020/2991', 'Alberto', 'Requena Montes', 'E4C'),
('2020/2992', 'Álvaro', 'Rina de Roa', 'E4C'),
('2020/3012', 'Gonzalo', 'Rodríguez Alonso', 'E4C'),
('2020/2993', 'Adrián', 'Rodríguez Maroto', 'E4E'),
('2020/2994', 'Candela', 'Rodríguez Otero', 'E4D'),
('2020/2995', 'Nicolás', 'Rodríguez Otero', 'E4D'),
('2019/1155', 'Claudia', 'Romero Alonso', 'E4E'),
('2020/2996', 'Javier', 'Ruano Torrejón', 'E4F'),
('2020/2997', 'Luna', 'Ruiz Rolon', 'DIV4F'),
('2020/3091', 'Aya', 'Sad ', 'DIV4F'),
('2019/1154', 'Lucas', 'Sánchez Del Villar', 'E4D'),
('2022/1304', 'Lucía', 'Sánchez Sánchez', 'E4C'),
('2020/3001', 'Sergio', 'Seseña Torres', 'E4C'),
('2020/3030', 'Alberto', 'Sotomayor Escobar', 'E4D'),
('2019/1057', 'Laurentiu', 'Taranasu Hutuleac', 'E4B'),
('2020/3003', 'Carlos', 'Téllez Hernández', 'E4F'),
('2020/3004', 'Danielle', 'Toledo Toledo', 'E4C'),
('2019/1035', 'Carla', 'Valderas Ramos', 'E4F'),
('2020/3006', 'Irene', 'Vaquerizo Vélez', 'E4A'),
('2020/3007', 'Aitor', 'Velasco Jiménez', 'E4C'),
('2020/3009', 'Adrián', 'Yuste Silvestre', 'E4D'),
('2020/3010', 'Hanaa', 'Zelaoui Zelaoui', 'DIV4F'),
('2023/1017', 'Iker', 'Alonso Martín', 'B1A'),
('2023/1094', 'Lucía', 'Alonso Rodríguez', 'B1B'),
('2023/1142', 'Dante', 'Arroyo Álvarez', 'B1B'),
('2022/926', 'Gonzalo', 'Ballesteros Alguacil', 'B1A'),
('2023/3483', 'Rodrigo', 'Ballesteros Casares', 'B1A'),
('2023/1041', 'Irene', 'Bartolomé Barroso', 'B1B'),
('2023/1081', 'Samuel', 'Batuecas Puerta', 'B1A'),
('2023/1038', 'Ana', 'Canales Martín', 'B1B'),
('2023/3515', 'Héctor', 'Cano García', 'B1B'),
('2023/1022', 'Elvira', 'Cerro Timón', 'B1A'),
('2023/2743', 'Alejandra', 'Chicote Sagredo', 'B1A'),
('2023/1102', 'Alonso', 'Díaz Sánchez', 'B1B'),
('2023/1453', 'Agustín', 'Domínguez Navas', 'B1A'),
('2022/915', 'Douae', 'El Alí El Alí', 'B1B'),
('2023/3460', 'Salma', 'El Haddouchi ', 'B1B'),
('2023/1031', 'Carlos', 'Fernández Domínguez', 'B1A'),
('2023/1060', 'Darío', 'Fernández Sánchez', 'B1A'),
('2023/2772', 'Marcos', 'Fernández Valiente', 'B1A'),
('2023/2770', 'Claudia', 'Fernández Vera', 'B1A'),
('2023/1036', 'Aitor', 'Gálvez Mancebo', 'B1A'),
('2023/1160', 'Noa', 'García Mahillo', 'B1B'),
('2023/3640', 'Gonzalo', 'Gil Aranda', 'B1B'),
('2023/3510', 'Andrés Valentín', 'Gliga ', 'B1A'),
('2023/1115', 'Nicolás', 'Gómez Giménez', 'B1A'),
('2023/1045', 'Berta', 'González García', 'B1B'),
('2023/1042', 'Marcos', 'Goy Villasevil', 'B1B'),
('2023/1025', 'Inés', 'Hernández Martín', 'B1A'),
('2023/3642', 'Pablo', 'Iniesta García', 'B1A'),
('2023/3291', 'Ave María Given', 'Kidanka ', 'B1B'),
('2022/3454', 'Joseph', 'Loaiza Torres', 'B1A'),
('2023/3637', 'Carlota', 'López Morató', 'B1A'),
('2023/1062', 'Gonzalo', 'López Villasevil', 'B1B'),
('2023/1147', 'Raquel', 'Magán Balseiro', 'B1A'),
('2023/2797', 'Iago', 'Maroto Fernández', 'B1B'),
('2023/2746', 'Aurora', 'Maroto Saldaña', 'B1A'),
('2023/1472', 'Lucas', 'Martín Varela', 'B1B'),
('2023/3634', 'Adrián', 'Matas Espartero', 'B1B'),
('2023/984', 'Gonzalo', 'Medina Corrochano', 'B1B'),
('2023/1075', 'Isabel', 'Méndez Pérez', 'B1A'),
('2023/2740', 'Pablo', 'Muñoz Salguero', 'B1B'),
('2023/972', 'Elisa', 'Navarro Sánchez', 'B1A'),
('2023/1113', 'Alba', 'Pantoja Enamorado', 'B1A'),
('2023/1080', 'Abril', 'Parages Ripodas', 'B1B'),
('2023/2765', 'Francisco Javier', 'Pérez Esteban', 'B1B'),
('2023/1033', 'Lucía', 'Pérez Fernández', 'B1A'),
('2023/1073', 'Alba', 'Punzón Calderón', 'B1A'),
('2023/1119', 'Pablo', 'Rabalo Humanes', 'B1B'),
('2023/2657', 'Marta', 'Ramírez Sánchez', 'B1B'),
('2023/1087', 'Ainoha', 'Ramos Aguirre', 'B1B'),
('2023/1061', 'Marco', 'Ramos Romero', 'B1A'),
('2023/1471', 'Lucía', 'Redondo Lillo', 'B1B'),
('2023/1040', 'Alexis', 'Rincón Gálvez', 'B1B'),
('2023/1151', 'Rodrigo', 'Rodríguez Hernández', 'B1A'),
('2023/2788', 'Roberto', 'Rodríguez Lázaro', 'B1B'),
('2023/1145', 'Pedro', 'Rodríguez Lázaro-Carrasco', 'B1B'),
('2023/808', 'Celia', 'Rodríguez Muñoz', 'B1B'),
('2023/1082', 'Celia', 'Rodríguez Pleite', 'B1A'),
('2023/1050', 'Antonio Mario', 'Romero González', 'B1B'),
('2023/889', 'Pablo', 'Romero Tabasco', 'B1A'),
('2023/1146', 'Ángel Manuel', 'Ruano Muñoz', 'B1A'),
('2023/2750', 'Zaira', 'Ruiz Aguado', 'B1B'),
('2023/2903', 'Vanessa', 'Torres Castaño', 'B1B'),
('2022/2636', 'Adrián', 'Villasevil Novillo', 'B1A'),
('2023/2771', 'Irene', 'Alonso Martín', 'B1D'),
('2023/2749', 'Aroa', 'Bargueño Pérez', 'B1D'),
('2023/3461', 'Nordia', 'Benali ', 'B1C'),
('2022/2629', 'Malake', 'Boughaz ', 'B1C'),
('2022/2716', 'Josseling de Fátima', 'Briones Orozco', 'B1D'),
('2023/1135', 'Julia', 'Castillo Velasco', 'B1D'),
('2023/1011', 'Adriana', 'Corcuera Rafael de la Cruz', 'B1D'),
('2022/754', 'Lucía', 'Cordero Cabezón', 'B1C'),
('2023/1069', 'Sandra', 'Cubero Moreno', 'B1D'),
('2023/1048', 'Jairo', 'de Santos Magallanes', 'B1C'),
('2023/2764', 'Jorge Juan', 'Del Ordi Hidalgo', 'B1D'),
('2023/2748', 'Inés', 'Delgado González', 'B1C'),
('2023/3250', 'Halima', 'Dhaiba Benfkih-Hamdan', 'B1C'),
('2023/885', 'Adriana', 'Díaz Gómez', 'B1C'),
('2023/1077', 'José María', 'Enamorado Vicente', 'B1C'),
('2023/1099', 'Daniel', 'Fernández de León', 'B1C'),
('2023/3111', 'Alba', 'Fernández López', 'B1D'),
('2023/3647', 'David', 'Ferrero Rodríguez', 'B1D'),
('2023/1447', 'Jorge', 'García Gómez', 'B1C'),
('2023/2781', 'Henar', 'Guerra de la Torre', 'B1D'),
('2023/2763', 'Juan', 'Gutiérrez Rivera', 'B1C'),
('2022/772', 'Miguel', 'Hernández Hidalgo', 'B1D'),
('2023/920', 'Eduardo', 'Hijosa Muñoz', 'B1C'),
('2023/2760', 'Lucía', 'Izquierdo Jiménez', 'B1D'),
('2023/918', 'Nedal', 'Jebari El Khamlichi', 'B1C'),
('2023/3293', 'Valery', 'Jiménez Estrada', 'B1C'),
('2023/983', 'Laura', 'Madrigal Rodríguez', 'B1D'),
('2023/953', 'Daniel', 'Martínez Huete', 'B1D'),
('2022/3069', 'Allan Robinson', 'Merejo Díaz', 'B1D'),
('2023/897', 'Madeling Nohelia', 'Miranda Rivera', 'B1C'),
('2023/890', 'Guillermo', 'Mora Torres', 'B1D'),
('2023/2766', 'Inés', 'Muñoz Guerrero', 'B1C'),
('2023/1136', 'Jimena', 'Murga de la Iglesia', 'B1D'),
('2023/2751', 'Erika', 'Pantoja Cebrián', 'B1C'),
('2023/1071', 'Marcos', 'Pantoja Fernández', 'B1D'),
('2023/1074', 'Yoselin', 'Pantoja Fernández', 'B1D'),
('2023/1049', 'Irene', 'Pérez Fernández', 'B1D'),
('2023/2758', 'Alba', 'Pérez Poveda', 'B1C'),
('2023/913', 'Julio Jorge', 'Pérez Sánchez', 'B1C'),
('2023/1079', 'Rodrigo', 'Pleite Perales', 'B1C'),
('2023/1067', 'Izan', 'Puñal Del Villar', 'B1D'),
('2023/2759', 'Nuria', 'Rodríguez Rodríguez', 'B1D'),
('2023/933', 'Javier', 'Romero Poyatos', 'B1D'),
('2023/1084', 'Iván', 'Sánchez Del Amo', 'B1C'),
('2022/938', 'Rawan', 'Allai Allai', 'B2B'),
('2022/930', 'Isabel', 'Alonso Hernández', 'B2A'),
('2022/995', 'Alfonso', 'Alonso Martín', 'B2A'),
('2021/3041', 'Alba', 'Bastida Pérez', 'B2A'),
('2020/2868', 'Oumaima', 'Ben Alí ', 'B2A'),
('2022/935', 'Ana María', 'Boc ', 'B2A'),
('2023/3635', 'Rim', 'Cheddadi El Harrak', 'B2B'),
('2021/878', 'Claudia', 'Cozmariu ', 'B2B'),
('2022/884', 'María Eugenia', 'Criado Mantero', 'B2B'),
('2022/3438', 'Covadonga', 'Criado Pérez', 'B2B'),
('2022/904', 'Iker', 'Fernández Álvarez', 'B2A'),
('2022/3112', 'Ángela', 'Fernández López', 'B2A'),
('2022/978', 'Alberto', 'Ferrero Rodríguez', 'B2A'),
('2022/936', 'Celia', 'Gálvez Fernández', 'B2B'),
('2022/902', 'Inés', 'González Jiménez', 'B2A'),
('2022/916', 'Laura', 'González Prieto', 'B2B'),
('2022/3108', 'Luisana Carolina', 'Guerra Theis', 'B2B'),
('2022/968', 'Ada Melisa', 'Hernández Bargueño', 'B2B'),
('2022/963', 'Aimar', 'Hernández Holgado', 'B2A'),
('2021/2328', 'María', 'Horcajo López', 'B2A'),
('2022/992', 'Carmen', 'Huecas Del Castillo', 'B2A'),
('2022/3422', 'Jackeline Daniela', 'Jañez ', 'B2B'),
('2022/989', 'Pablo', 'Luguarda Martín', 'B2A'),
('2022/985', 'Elena', 'Maestre González', 'B2A'),
('2022/888', 'Luis', 'Maroto Tordesillas', 'B2A'),
('2022/946', 'Lucía', 'Mena del Puerto', 'B2B'),
('2021/2755', 'Carlos', 'Menor Aguirre', 'B2A'),
('2022/970', 'Lucía', 'Molero Muñoz', 'B2B'),
('2022/947', 'Karen', 'Moreno Muñoz', 'B2B'),
('2022/3183', 'Samuel', 'Muñoz Montilla', 'B2A'),
('2022/994', 'Iván', 'Pérez Serrano', 'B2A'),
('2022/835', 'Claudia', 'Pleite López', 'B2B'),
('2022/1001', 'Jorge', 'Prieto Elices', 'B2A'),
('2022/907', 'Marcos', 'Rey Alconchel', 'B2A'),
('2022/919', 'Jaime', 'Rodríguez García', 'B2A'),
('2021/2642', 'Estephanie Alejandra', 'Salgado Calero', 'B2A'),
('2021/813', 'Héctor', 'Sánchez Cruz', 'B2A'),
('2021/814', 'Óscar', 'Sánchez de los Boix', 'B2B'),
('2022/954', 'Rocío', 'Serrano Escudero', 'B2B'),
('2022/822', 'Adrián', 'Tendero Magán', 'B2A'),
('2022/980', 'Valeria', 'Alconchel García', 'B2C'),
('2022/2611', 'Lucía', 'Alconchel Lizana', 'B2C'),
('2022/3304', 'Melanie del Rocío', 'Avilez Cabrera', 'B2B'),
('2022/929', 'Lucía', 'Balboa López', 'B2B'),
('2021/740', 'Aleksandra', 'Becerril Mazharova', 'B2C'),
('2022/914', 'Iván', 'Cano Martín', 'B2C'),
('2022/755', 'Rocío', 'de Haro Martín', 'B2C'),
('2022/987', 'Jimena', 'de Miguel Nevado', 'B2B'),
('2022/892', 'Hugo', 'Del Cerro García', 'B2C'),
('2021/3262', 'María', 'Díaz Lozano', 'B2B'),
('2021/2334', 'Marwa', 'Dormani ', 'B2B'),
('2022/981', 'Rocío', 'Fernández Ballesteros', 'B2C'),
('2022/760', 'Samuel', 'Fernández de León', 'B2C'),
('2022/3307', 'Marta Iciar', 'Fernández Martínez', 'B2B'),
('2022/2803', 'Anaís', 'Ferrón Valdivia', 'B2B'),
('2022/2804', 'Patricia', 'Ferrón Valdivia', 'B2B'),
('2020/581', 'Paula', 'Fontánez Esteban', 'B2B'),
('2022/908', 'Alejandro', 'Galiano Sánchez', 'B2C'),
('2022/922', 'Carolina', 'Gallego Esteban', 'B2B'),
('2022/1353', 'Ainhoa', 'García Morato', 'B2C'),
('2022/765', 'Juan Valentín', 'García-Lillo Puñal', 'B2C'),
('2022/895', 'María', 'García-Velasco Cepeda', 'B2B'),
('2022/899', 'Carla', 'Garrido Sánchez', 'B2C'),
('2023/3641', 'Pablo', 'Gil Aranda', 'B2C'),
('2022/836', 'Elsa', 'González Laabouri', 'B2C'),
('2022/951', 'Irene', 'Gutiérrez Gómez', 'B2C'),
('2021/770', 'Sara', 'Hernández Fernández de Velasco', 'B2B'),
('2022/906', 'Daniel', 'Hernández Pleite', 'B2C'),
('2022/939', 'Haitam', 'Jebbour Afilal', 'B2B'),
('2021/839', 'Pilar', 'Jiménez Rodríguez', 'B2B'),
('2022/991', 'Fátima Zohra', 'Labrouzi Boujida', 'B2C'),
('2022/783', 'Elena', 'Lorente Moreno', 'B2B'),
('2022/993', 'Hugo', 'Moreno Villaluenga', 'B2C'),
('2022/893', 'Claudia', 'Muñiz Pantoja', 'B2C'),
('2022/959', 'Andrea Fernanda', 'Orleanu ', 'B2C'),
('2022/894', 'Alizia', 'Palomares Vilar', 'B2C'),
('2022/2899', 'Salomé Milena', 'Payo Ascanio', 'B2C'),
('2022/973', 'Ana', 'Pérez Pérez', 'B2C'),
('2022/909', 'Marta', 'Ramírez Fuentes', 'B2C'),
('2021/735', 'Mario', 'Repes Río', 'B2B'),
('2022/1003', 'Andrea', 'Rivas García', 'B2B'),
('2022/924', 'Ángela', 'Rodríguez Villaluenga', 'B2C'),
('2022/1110', 'Esther', 'Ropero Serrano', 'B2C'),
('2022/891', 'Ángela', 'Sánchez Pérez', 'B2C'),
('2022/966', 'Ana', 'Santos Villasevil', 'B2C'),
('2022/952', 'Hristo', 'Yonov Aleksiev', 'B2C'),
('2020/560', 'Claudia', 'Zamarreño Alhambra', 'B2C'),
('2023/2907', 'Sandro', 'Alonso Isabel', 'CFGB1'),
('2023/2721', 'Alejandro Kezman', 'Alves de Oliveira', 'CFGB1'),
('2022/3435', 'Bahiano', 'Arriola ', 'CFGB1'),
('2023/0000', 'Roberto', 'Casado González', 'CFGB1'),
('2023/3553', 'Lucía', 'Gómez Bueno', 'CFGB1'),
('2023/3554', 'Mohammed Amine', 'Mamouni ', 'CFGB1'),
('2023/3555', 'Javier', 'Manrique Martín', 'CFGB1'),
('2022/2651', 'Sebastián', 'Pérez Oviedo', 'CFGB1'),
('2022/3451', 'Gabriel Alejandro', 'Polo Linares', 'CFGB1'),
('2023/3556', 'Pablo', 'Rodríguez Sierra', 'CFGB1'),
('2023/3581', 'David', 'Serrano Bermejo', 'CFGB1'),
('2023/1046', 'Óscar', 'Silvestre González', 'CFGB1'),
('2022/901', 'Alberto', 'Zazo Castells', 'CFGB1'),
('2022/2631', 'Moisés', 'Cerrato Pastor', 'CFGB2'),
('2021/2502', 'Josep', 'Correa Salas', 'CFGB2'),
('2022/974', 'Daniel', 'Encinas Perea', 'CFGB2'),
('2021/3246', 'Marua', 'Jeffali Salhi', 'CFGB2'),
('2022/1009', 'Ester', 'Jerez Velasco', 'CFGB2'),
('2022/798', 'Alejandro', 'Muñoz Rodríguez', 'CFGB2'),
('2022/1055', 'Mohamed Alí', 'Ourarhi Laabidi', 'CFGB2'),
('2022/2702', 'Alba', 'Pozuelo Minguillon', 'CFGB2'),
('2021/911', 'Adrián', 'Sánchez Hernández', 'CFGB2'),
('2021/1010', 'Luis', 'Solano Moreno', 'CFGB2'),
('2021/2628', 'Pedro', 'Villasevil García', 'CFGB2'),
('2022/3398', 'Daniel', 'Zamora Fernández', 'CFGB2'),
('2023/3546', 'Martín Víctor', 'Alonso Agreda', 'PEFP1'),
('2023/3646', 'Omaira', 'Del Cerro Ruano', 'PEFP1'),
('2023/3547', 'Marcos', 'García de Castro', 'PEFP1'),
('2023/3580', 'Ainhoa', 'González Sánchez-Cogolludo', 'PEFP1'),
('2023/3548', 'Iván', 'Martín Camaño', 'PEFP1'),
('2023/3552', 'Héctor', 'Tolón Truchado', 'PEFP1'),
('2023/3549', 'Nicol Elizabeth', 'Valenzuela Vasquez', 'PEFP1'),
('2023/3550', 'Javier', 'Zamora Negrillo', 'PEFP1'),
('2023/3551', 'Mohamed', 'Zaraktaoui Sof', 'PEFP1'),
('2022/3339', 'Eduardo', 'Fontecha Gutiérrez', 'PEFP2'),
('2022/762', 'Borja', 'Fontecha Luna', 'PEFP2'),
('2022/3338', 'Ainhoa', 'García López', 'PEFP2'),
('2022/2627', 'Jasson Fabián', 'Méndez Guerra', 'PEFP2'),
('2022/3343', 'Celia', 'Pérez Rodríguez', 'PEFP2'),
('2022/3345', 'Andrés', 'Sánchez Urbán', 'PEFP2'),
('2022/3342', 'Lucía', 'Solano Rodríguez', 'PEFP2'),
('2022/3344', 'Aitana', 'Soler Gil', 'PEFP2'),
('2022/3340', 'Aurelio', 'Torrejón Gómez', 'PEFP2'),
('2022/3341', 'Erika', 'Valverde Castillo', 'PEFP2'),
('2023/949', 'Jesús', 'Arellano Mena', 'SMR1'),
('2023/3595', 'Moussa', 'Bamba Marico', 'SMR1'),
('2023/3560', 'Antonio', 'Barahona López', 'SMR1'),
('2022/3437', 'Juan', 'Barras de Vega', 'SMR1'),
('2023/1943', 'Beatriz', 'Casanova Burgos', 'SMR1'),
('2023/1002', 'Víctor', 'Del Viso Hernández', 'SMR1'),
('2023/3558', 'Iker', 'Díaz Salomón', 'SMR1'),
('2023/1030', 'Adrián', 'Díaz Úbeda', 'SMR1'),
('2023/1090', 'Elizabeth', 'Díaz Zambrano', 'SMR1'),
('2023/1014', 'Víctor', 'García Gómez', 'SMR1'),
('2023/767', 'Daniel', 'González de Matos', 'SMR1'),
('2022/837', 'Marcos', 'González Martín', 'SMR1'),
('2023/937', 'David', 'Herrera Hevia', 'SMR1'),
('2023/3562', 'Daniel', 'Jiménez España', 'SMR1'),
('2023/3596', 'Jacobo', 'Jiménez Martín Forero', 'SMR1'),
('2022/3357', 'Pablo', 'Llorca Irastorza', 'SMR1'),
('2023/2349', 'Rubén', 'Magán Ávila', 'SMR1'),
('2022/955', 'Sergio', 'Melar Jiménez', 'SMR1'),
('2023/3563', 'Víctor Manuel', 'Menor Sánchez', 'SMR1'),
('2021/3281', 'Alessandro Javier', 'Palacios Carbajal ', 'SMR1'),
('2023/2824', 'Alejandro', 'Pardo Lugano', 'SMR1'),
('2023/511', 'Daniel', 'Peñaranda Ramos', 'SMR1'),
('2022/3416', 'Luis', 'Priego Ballesteros', 'SMR1'),
('2023/2776', 'Ignacio', 'Rodríguez García', 'SMR1'),
('2022/3449', 'Mario', 'Rodríguez Huecas', 'SMR1'),
('2023/912', 'Iker', 'Romero Moreno', 'SMR1'),
('2023/3564', 'Nathan', 'Sánchez Castaño', 'SMR1'),
('2023/3187', 'Carlos Antonio', 'Solano Espinoza', 'SMR1'),
('2023/3599', 'Alejandro del', 'Toro Mellado', 'SMR1'),
('2023/3651', 'Roberto Vasile', 'Vlad ', 'SMR1'),
('2021/3267', 'Mario', 'Benítez González', 'SMR2'),
('2022/3355', 'Sebastián Andrei', 'Costea ', 'SMR2'),
('2022/3346', 'Eduardo', 'Cubero Hernández', 'SMR2'),
('2021/2872', 'Javier', 'de la Paz Juárez', 'SMR2'),
('2022/3433', 'Yunas', 'Douhal Fernández', 'SMR2'),
('2022/856', 'Nerea', 'García Rubio', 'SMR2'),
('2021/3230', 'Aarón', 'Gil Ramírez', 'SMR2'),
('2022/2413', 'Daniel', 'Gómez García', 'SMR2'),
('2022/317', 'Álvaro', 'Gómez Martín', 'SMR2'),
('2021/851', 'Joel', 'Martins Do Vale Ruiz', 'SMR2'),
('2021/843', 'Francisco José', 'Moreno Heredia', 'SMR2'),
('2019/565', 'Adrián', 'Muñoz Espejel', 'SMR2'),
('2021/3283', 'Adrián', 'Muñoz Gómez', 'SMR2'),
('2022/3348', 'Hugo', 'Picornell Moreno', 'SMR2'),
('2022/3072', 'Mario', 'Pradillos Medina', 'SMR2'),
('2018/2727', 'Rubén', 'Rodríguez Tomé', 'SMR2'),
('2020/3085', 'Juan Francisco', 'Ruano Pérez', 'SMR2'),
('2022/934', 'David', 'Ruiz Chozas', 'SMR2');





INSERT INTO Usuarios (cod_usuario, dni, nombre, apellidos, email, clave, rol, cod_delphos, validar, tutor_grupo, departamento) VALUES
(1, '11111111a', 'administrador', 'IES Bargas', 'incidenciasiesbargas@gmail.com', '$2y$10$q.b1SyM1jZkK5x1iGIyb9eBmBh7AxiHgIgFmoYfPBUjCkUfhtfsSy', '0', 0, 'si', 'E1B', 8),
(2, '03936143S', 'Mario', 'Marugán Cancio', 'mariomarugan10@hotmail.com', '$2y$10$2zYin4X9BKZyE3svNvBAge8zd4fxZEhWUD7DtrQicDGRiUvk5qLwW', '0', 139686, 'si', 'DAW2', 8),
(6, '03923127V', 'Jorge', 'Carmena Plaza', 'jjcp66@educastillalamancha.es', '$2y$10$pqHE5u5o4s0bMy8bIPlkw.5MzJEzdxmVWRJ3emsJQ/4c0eMeOFOZm', '1', 163566, 'si', 'No.', 8),
(5, '70241742H', 'Martín', 'Gómez Alonso', 'martingomezalonso@gmail.com', '$2y$10$jNe/0q5Ld/NqqqPpgaTAMuPn4Nc1Cna4zeN9BeGN6xiqYnUtJbrYm', '0', 48237, 'si', 'No.', 8),
(19, '47067163', 'Antonio', 'Heras Villanueva', 'profesor.antoniohv@gmail.com', '$2y$10$oC2OLl7p0HysW3rKYI.2HOI7Y0q7lkfOGLXhCWkovXezKFmox/hda', '1', 103142, 'si', 'SMR1', 8),
(34, '6', 'Mario 2', 'Marugán Cancio', 'mariomarugan10@gmail.com', '$2y$10$HCPf9hxzfnjbsrHCPtom.OUavRb2njCy1FnqUzldnDJtYohphZpay', '1', 139686, 'si', 'No.', 8),
(33, '03913441Z', 'Rafael', 'Quilón Sánchez', 'rafaelquilon.iesjulioverne@gmail.com', '$2y$10$vfcd1uPZt/enBRYwXISSSeLRBSYYJk2J9gf6DgcINxEUopU5P75wi', '1', 107584, 'si', 'E2D', 8),
(39, '70245456Y', 'Alicia', 'De Álvaro Martín', 'aliciadealvaromartin@gmail.com', '$2y$10$h3TzbaQnp.RHx9pnzqlqb.wqSEZEnN.QbUpMdxhXU7BmNHo00.uBW', '0', 45549, 'si', 'No.', 8),
(40, '03877577F', 'RUBÉN', 'RUIZ MARTÍN-ARAGÓN', 'ruben.ies.informatica@gmail.com', '$2y$10$iCMuh/3YrYB21MvUaGtghOatGcbkqMmSdjtmCkUyvw5R8EWul0AyS', '0', 48054, 'si', 'No.', 8),
(41, '03876998A', 'MARÍA', 'VILLACAÑAS GUARDIA', 'maria.azarquiel.ingles@gmail.com', '$2y$10$qme3pImcBuQWOWwf0dNWwOYyyzOQF3BGax8jsc/c1qLxfw6aZv3ci', '1', 25571, 'si', 'No.', 2),
(42, '03884133P', 'Mar', 'Rodriguez Rodriguez', 'mar_rodrirodri@hotmail.com', '$2y$10$67o4SmWxv3KJiZqLudbjauLG0wcRJBfqzqHg/RHJmU5xsNG5/AUNK', '1', 142236, 'si', 'No.', 13),
(43, '44882702L', 'Miguel', 'Pérez', 'mperezprof@gmail.com', '$2y$10$.vfIvhlUg.GVq0N1QvsTOeto2Nd7/ssJ5.7seJFFg8qY72wJYFC2K', '1', 134923, 'si', 'CFGB1', 8),
(44, '03894915A', 'Maleni', 'Triviño Toledo', 'bioygeo.bargas@gmail.com', '$2y$10$quosNpTUyz.9gdDURlYhm.2ANMoDrg5L1pbjgfh4A7XuGky1SpBUe', '1', 65783, 'si', 'No.', 15),
(45, '05717778R', 'Estefania', 'Hernandez Guillen ', 'Estefania.Hdez9331@gmail.com', '$2y$10$./HC5yxrKQVuds9pPRW9yOcjoIY4UnsF5p4bVETiBVielwJp7Fr/y', '1', 152115, 'si', 'No.', 5),
(46, '74522997F', 'Tomás', 'Domínguez Ponce de León', 'tomas.dominguez93@gmail.com', '$2y$10$T2HocZ1.jmzoACHNvAJC9OJYNoE.OmBRbB2z6RCVthsB3TIoPY1Eu', '1', 156316, 'si', 'No.', 15),
(47, '44715614A', 'Armando Jesús', 'Galante Ramos', 'armandogalante@hotmail.com', '$2y$10$QcTMAAUh58sNGH./zqnWk.yN6NG0Pvg64owhHpgeTI3h7iIamjEtu', '0', 56841, 'si', 'No.', 11),
(48, '03880923H', 'Gema', 'Bargueño Alonso', 'gemabarguenoalonso@gmail.com', '$2y$10$4oPVDrvBaZqCJLjRsxpP3OWLBOg9a354d/yWBo5zph0qRLw854Ou2', '1', 66352, 'si', 'No.', 2),
(49, '03874697G', 'Elena', 'De las Hazas Corrales', 'elenadelashazas@yahoo.es', '$2y$10$VXQuS3vrbM7dqiR8u9kRnuJFiyOhKmALCRzKyTJq4cUO1Z38EgLmu', '1', 25536, 'si', 'No.', 14),
(50, '05715303X', 'María', 'Rodríguez Sánchez', 'mariaros1804@gmail.com', '$2y$10$/Wq2o/p85JGTpEIByHTNrOMUpBjiAGFqWA36/hr5vpi1WcbVvZXJe', '1', 157714, 'si', 'No.', 5),
(51, '71215701L', 'Esther', 'Cañadas Belmar', 'ecbelmar@gmail.com', '$2y$10$rLpuM4BmpQS5y1HKC.21/OahqyWQmCzgPZ9pKIdgJycduYksYJyRC', '1', 64583, 'si', 'E2E', 11),
(52, '04213569S', 'Sandra', 'Jimenez Martin', 'sandrajm.ingles@gmail.com', '$2y$10$gFOW3hSyEk1ymkrpzv7TtezAvxfpF9mX5rpnlG1zayb29ccyv2gEu', '1', 47839, 'si', 'No.', 2),
(53, '03863221A', 'TEODORO', 'CASTAÑO ALVAREZ', 'teodorocastano@gmail.com', '$2y$10$egEKSzwKydm8lyqtL8H0ROGjSChN/7L8PajQjZtaMAgf4Q9aHWs8C', '1', 156277, 'si', 'E1D', 5),
(54, '03824588X', 'María Teresa', 'Rosell Casarrubios', 'trcpaeg@gmail.com', '$2y$10$KGnzaR9cr8C4wYucZ7JWUONdr70Dd42NQvQh3ZqIinUyqPv55rdAW', '1', 26417, 'si', 'No.', 9),
(55, '06252593c', 'AMPARO', 'CÁMARA GALLEGO', 'amparocamara@gmail.com', '$2y$10$8LjSIwFGIj5h5c8j03WTNeiMkkQVvh6LV8wFq8xLOxKFDsh5hiULq', '1', 45321, 'si', 'E3D', 7),
(87, '52559358B', 'IÑIGO', 'INCHAUSTI LOPEZ', 'iiil06@educastillalamancha.es', '$2y$10$NR59nApf6ijAmUE6Vc9IlOgpOmlQ5nfwSXk717HvarpFMNyYxq/4S', '1', 139638, 'si', 'E1A', 3),
(113, '03883091R', 'Sara', 'Merino Lopez', 'samerilo17@gmail.com', '$2y$10$Bub.RkWEHiO6xhwzDtTax.rJ71qefKbEl.WrzVvoRX26Ep6dLMou2', '1', 25443, 'si', 'E2F', 14),
(58, '03822890Z', 'Pilar', 'Sánchez-Horneros Muñoz', 'pilarhorneros@hotmail.com', '$2y$10$ht75p6bcPz8XnFVZEABUTOlrWzS0SWtniXr3EnAKOzHG./pw7SjJW', '1', 26473, 'si', 'E4A', 13),
(59, '48744215Q', 'Ana María', 'Ware Paredes', 'anamaria.wareparedes@gmail.com', '$2y$10$jVgD0LrP82d/nJWGMJ4Tr.XHehg.j7kF2u1Cbb2FUb/ZJL9Or0xWm', '1', 63360, 'si', 'E4F', 2),
(62, '30572055H', 'Emilio', 'Tamayo Izquierdo', 'emilbilbo@gmail.com', '$2y$10$u5eGeeEM/xsIF2iz07sim.2jiOmnYnDxRi4b4ZADdEPj08NTVjTWC', '1', 53908, 'si', 'No.', 6),
(61, '03910025W', 'EVA MARIA', 'ROJO GAMARRA', 'emrojogamarra@gmail.com', '$2y$10$r//CSq15pi7iHd.tkrhNnuVdHc/WBKXKv2SxAWy.uUd22Wy2XEbXK', '1', 165109, 'si', 'No.', 7),
(63, '03927617E', 'JAVIER', 'GARCIA UBEDA', 'julioverne22.23@gmail.com', '$2y$10$pZ09LUbUKuiy.lJS5Q2tuOqSnNxtfQhoBDamR7fExLkM3dB/OgnVm', '1', 164034, 'si', 'DAM2', 8),
(64, '03897741T', 'ANA BELEN', 'RUIZ SANCHEZ', 'lovelystudents18@gmail.com', '$2y$10$YVOsUW6oSwrE0z0HCmArTe25Bgs2sC0wc3itjg8o9Dr1ZOloLG3sC', '1', 66197, 'si', 'B1B', 2),
(65, '03868150x', 'Marta', 'Pérez Doallo', 'martadoa@gmail.com', '$2y$10$qeUjDGYIt8QyBe8vbn8S/u/l9M6PG.F91o9l6mBfBtn2rVKnSRvTK', '1', 60216, 'si', 'No.', 2),
(66, '05684526F', 'Angélica', 'Navarro Lanchas', 'lanchas1980@hotmail.com', '$2y$10$ExHaZOaFm9/3ulcOF3NcteD7RSApXFNqt4DTrMMmW62ueWeSwvrCK', '1', 54944, 'si', 'E4C', 9),
(67, '05934457C', 'Laura', 'Ramos Ruiz', 'llrr59@educastillalamancha.es', '$2y$10$YGmYYC8eVhGQvHps0Yrx..WK93aa4MvoQGC4EhjI3cZlpSPgZUGoa', '1', 156086, 'si', 'E2C', 2),
(68, '05662310D', 'Francisco Segundo', 'Márquez Rubio', 'paco_ii@hotmail.com', '$2y$10$SoFRWPohAUdX8m5QkWvQ0ucocVmYW2Ip.F3jhItpP9PDwlaDwz36O', '1', 18573, 'si', 'E1E', 9),
(69, '03865818R', 'Teresa', 'Alvarez Martín-Nieto', 'sieteseptiembre@hotmail.com', '$2y$10$r..N97PYdh6C9n5tUTHEXulKYeVEBV7EN.jAo9wb8m174lbsRHiSe', '1', 168736, 'si', 'B2B', 9),
(70, '04855198J', 'Marta', 'Manzanilla Nevado', 'manzanilla.nevado@gmail.com', '$2y$10$Za8KAauBjKBVUSA8uJDS/.s2EyE3yHlTlgrSlK78ROXqv0sndgulC', '1', 120123, 'si', 'B1A', 9),
(71, '03918450D', 'Soledad', 'García Fernández', 'solehistoriada@gmail.com', '$2y$10$f6vxhTXbq1ln.4OWEpKJmuk5PK7px0MzGMZJfOEA1gGuhOfr7j1Tq', '1', 108035, 'si', 'E4D', 11),
(72, 'X5772892F', 'Edith', 'Sandor', 'eesn05@educastillalamancha.es', '$2y$10$WFUlSK3JaRZaLq.ORNd50uH9BhktLES1SAjvuYNvluGe1dP4SaO.6', '1', 156091, 'si', 'No.', 9),
(73, '03879978Q', 'Juan- José ', 'Moya García', 'juanjoelcantor@hotmail.com', '$2y$10$wLcD0fj6ijFRkvqFlEuHTOEpJDQHWV6cqmmkktwt4BwdHHZu1oHmC', '1', 149043, 'si', 'DIV3B', 12),
(74, '53345721G', 'Beatriz', 'Sánchez Fernández', 'bbsf2409@gmail.com', '$2y$10$uPojRRsFkQRaNqBeyjopG.w4oOk.QeyAyk7NaqvIy3sEVhsu0Quv.', '1', 151088, 'si', 'E3A', 13),
(75, '05930040L', 'MARÍA', 'LÓPEZ ANÉS', 'anesmaria@hotmail.com', '$2y$10$pq3LEQo0sklVDVT427wDq.3AqMkKJKoHWyL2JcY0gjFNSqyEBmg4i', '1', 82257, 'si', 'E3B', 5),
(76, '44375411Q', 'MARI ANGELES', 'SEGOVIA ANDRES', 'mariangelessa@hotmail.com', '$2y$10$PZmdJh8artxu0OduM697Be49rS5RZphsYx6npzCjGtp5NrrEAkMCy', '1', 35625, 'si', 'No.', 12),
(77, '48652563L', 'Carmen', 'Nicolás', 'carmen-19nn@hotmail.com', '$2y$10$vf3h/2glHbYegjMM9iTeAO0jNL4KfmAFaigGbna21K.H63MkbHwXK', '1', 128012, 'si', 'No.', 15),
(78, '43774911T', 'Alejandro', 'Bravo Castillero', 'bracasal@telefonica.net', '$2y$10$jRKZpNI/chxeVtva5fnxXu3Cuxcp6/B3TUlrBRjkClNo.tLHWlbI6', '0', 12241, 'si', 'No.', 5),
(79, '03895862F', 'LAURA EUGENIA', 'Fernández López', 'lefl01@educastillalamancha.es', '$2y$10$2i.PUcZgzmJAQLer4MlbkOZC0PN5j5FKRGnu1GNQeW3x5UqL4n3su', '1', 65152, 'si', 'E1C', 11),
(80, 'X9636146c', 'CRISTINA GABRIELA', 'DOBRIN', 'cgdn01@educastillalamancha.es', '$2y$10$Ev1HoK9fgk/05rNyO/dAqOp6N0nVKWYc33LvF8waKKr0coIF17.AS', '1', 45256, 'si', 'No.', 2),
(81, '03822674m', 'Ana Clara', 'Ruiz Díaz', 'clareta.r@gmail.com', '$2y$10$UnLjmBrlBkHfGdBbL8LgLeDBYh8oxGfkyUmK.818tTIsoafJZFAyy', '1', 26464, 'si', 'E1F', 6),
(82, '05708848H', 'CARMEN', 'LÓPEZ MENCHÉN', 'carmenlopezmenchen.eco@gmail.com', '$2y$10$tZrpvFOvCMyvYSrzVm/YyeYlS5eQL8ByjJX58FfZSW8ePOxon2NO6', '1', 157095, 'si', 'No.', 17),
(83, '03876434Z', 'Olga', 'García Fernández', 'olgafilosofia@gmail.com', '$2y$10$2mvqEJYyrD71jTe7mPdXPOiBXvZipr7nVrHFnvHv6GsPr0qKSbXeG', '0', 45258, 'si', 'B2C', 10),
(84, '44428384C', 'Armonía', 'Aguilera Rodríguez', 'armonia.ar@gmail.com', '$2y$10$/Kgga01SpZmMEER2PJ1T.eay5UuUjr.JKycrQs2HhGMwNOOspuwRW', '1', 135704, 'si', 'No.', 1),
(85, '47077269H', 'CLARA', 'FRAILE MORAGA', 'frailemoraga@gmail.com', '$2y$10$ZiSey4fADluMQsEqiR3RvOPuRCRVcv0zndgq9U05tG79ujwB8OH8.', '1', 156913, 'si', 'B1D', 17),
(90, '03869966D', 'JESUS', 'MENDEZ DIAZ-ROPERO', 'barboljm@hotmail.com', '$2y$10$eR2iMbmUFboPF0WYpEU7zuBkqCJ8x6pgS0QRzhX/lzySd.cHQpZWa', '1', 25652, 'si', 'No.', 3),
(89, '43787214K', 'Nacho ', 'Bravo Castillero', 'eneko_3@hotmail.com', '$2y$10$1XA6m9TS1cWrBR0NbQkxiOWCBXUPxeJNZDigsc7EYFS5pwUS1N3U6', '1', 39649, 'si', 'E2G', 10),
(91, '21494557e', 'María Pilar', 'perez cremades', 'pilaraspe@yahoo.es', '$2y$10$F0wQ3MkoEUJaL4j009BHC.odP.jDf5kR8TYIt9aqVQ46AWuq6i/SK', '1', 89567, 'si', 'PEFP1', 12),
(92, '06247825J', 'María Gemma', 'Lozano Cepeda', 'jemolloz@hotmail.com', '$2y$10$vkXVE..zl7rkJQKrkawJAuQk9I8aAax81.YW42KDy4GDAoENHE/2a', '1', 150913, 'si', 'No.', 12),
(93, '06261771K', 'Francisco ', 'Aparicio Mínguez ', 'soy_aparicio@hotmail.com', '$2y$10$acLwj9Q94ib3qziKFLyX4u8SuyukXDBYL.070XFi7snAyiffly7JW', '1', 34529, 'si', 'No.', 4),
(94, '03924375T', 'Pablo', 'Iglesias', 'piig01@educastillalamancha.es', '$2y$10$alDCII6kM29d.m3rztlGWOWlVm1imdwsODMHJCGbQGU3QxTsU4ur.', '1', 167721, 'si', 'No.', 18),
(95, '02916998t', 'SARA', 'MATAMALA SALINERO', 'sarasalinero@hotmail.com', '$2y$10$kVQiwTDRP/XghNPpaKbXs.9dEdR3pdgWsANp31B8iOD1GhSw9HAHy', '1', 110730, 'si', 'No.', 12),
(98, '80136876T', 'Rosa', 'Jurado', 'sitarosa4@gmail.com', '$2y$10$A4OfxrrU5.6VNk3PbuuuB.09QGcOMNT0KJZudfNDZlIqWEY4PmzVa', '1', 7530, 'si', 'No.', 16),
(97, '03907673L', 'MARIA', 'DE LEON HERNANDEZ', 'mdlh09@educastillalamancha.es', '$2y$10$Vn.IayTcyB5S6IU.DPGnt.7as7ZnIt8iwiU6.YydXqpI.GySKHn1W', '1', 166935, 'si', 'No.', 18),
(99, '03922827Q', 'Silvia', 'Medina Payo', 'smpayo@hotmail.es', '$2y$10$qqv0BluSdsYSZuDIoxdnqeIsKJvA0WXaqRnfrQRYCcndl4BZzeJT.', '1', 169435, 'si', 'B2A', 5),
(100, '03934166Q', 'Héctor', 'Suárez Manzano', 'hector.suarezm12@gmail.com', '$2y$10$37cDTX1e74b21HNwFVeWfeTpbrC37sI7ZhnOUSkTucBRAk4vT0QNS', '1', 163492, 'si', 'DAM1', 8),
(101, '45923626D', 'Laura', 'Lozano Larín', 'lauralozanolarin@gmail.com', '$2y$10$bIE/k8v.STJCU40dO194jueRWVaq7stKd0smFbTeImrBLrcfeFEQC', '1', 158624, 'si', 'DAW1', 8),
(102, '03868667k', 'Ander', 'Rodríguez Parrón', 'anderparron@gmail.com', '$2y$10$/Ul0fovlnPNofDFz.KVhXecx3yict3frvFNsAz2OYA.66SbcT71QO', '1', 3180, 'si', 'No.', 11),
(116, '12375045x', 'beatriz', 'cendrero querol', 'bcendrero@hotmail.com', '$2y$10$DqjC.n2/7wZnQ6jugVM3vOi.sxGVvKmxSIQHTKWRwKMS5hdtTZobm', '1', 14392, 'si', 'No.', 1),
(104, '03894139D', 'MARIA', 'SERRANO GALAN', 'mariasg3@gmail.com', '$2y$10$cecSHrtcaUNaNTYEEHCijuY534gozfiaSC4fepQVvThbC2oxkHN/u', '1', 43440, 'si', 'E3C', 11),
(117, '03884992Q', 'ALVARO', 'MEDINA', 'simplementech@gmail.com', '$2y$10$G9IquGzqPVLBltpNEWTTiOH5A6awvaTBO2ulpfv7E1KPIGaW.OLL2', '1', 66566, 'si', 'E4E', 14),
(112, '51420942A', 'MariLuz', 'García Escamilla', 'mlge05@educastillalamancha.es', '$2y$10$6ZZH2WkmXjA9gZpsvYa4WeyraKwuYSDTd0QXIxCc31J.ViRjC/VvC', '1', 157012, 'si', 'No.', 5),
(105, '03865208n', 'Eduardo ', 'González Gandarillas ', 'yayogonga@gmail.com', '$2y$10$hKZc5ztO9unfKzO9AEpzH.AkzXUMrsT0tTIA15hdE7jiswRX.2hja', '1', 25727, 'si', 'No.', 7),
(106, '18987102G', 'Enrique', 'Sabater Pitarch', 'teachersabater@gmail.com', '$2y$10$s1Z1C4KZjIgf5Qahx6XZru.bys.xgtV1kLXcH9f9ITd7aw9OvBZoC', '1', 102857, 'si', 'E2B', 11),
(107, '03899336P', 'Olga', 'Galán Arriero', 'olgarriero@hotmail.com', '$2y$10$4i8437cHAEUh.W3dqTD55utyeH2suBhPX40vqvVGyynTOL9MUvjBu', '1', 129321, 'si', 'No.', 12),
(108, '01915493F', 'Gonzalo', 'Enguita González', 'genguitagonzalez@gmail.com', '$2y$10$yjhpjzw0f53a55wepVJotOsf67rJZwORiuq/MJG/y9Knm5lPSkAtK', '1', 34542, 'si', 'E3E', 9),
(109, '03809732 ', 'ISABEL ', 'SERRANO BRAVO ', 'isbtoledo4@gmail.com', '$2y$10$7isPIkJnQeZ2nOmBPUBAsedKbs6X8XHuv5H7DDRZXknGsnEGVvY6K', '1', 2644, 'si', 'No.', 12),
(115, '70573502A', 'Marina', 'Sánchez Gutiérrez ', 'marina.sanchez.julioverne@gmail.com', '$2y$10$C0fwdSS6joC7wzpYbcNIfuonQzvLtOF2qT3rBUsLIvXUBMjh/tes6', '1', 9103, 'si', 'E4B', 3),
(111, '53231699q', 'TAMAR', 'LOPEZ ARIAS', 'tamarlopezarias01@gmail.com', '$2y$10$dmn6oNeQGy4/ypxOZ9oTWOzJAtVe9qQWt3DwUjPTzeUTygJFCYCc.', '1', 48551, 'si', 'DIV4F', 13),
(118, '00000000X', 'Consejería', 'IES Bargas', 'conserjeria@iesbargas.com', '$2y$10$mLwbXcuml5UgZ8kr8TFz.e/a2O5qU2sSl7xjUl0gibjM.D/oW.qWm', '3', NULL, 'si', NULL, NULL),
(120, '06579628H', 'Julia María', 'Sanchez Rodríguez', 'julietta_sanchez@hotmail.es', '$2y$10$DLrtQ.nNXf0yEgMQy4kZmu99BK6dh1pY0dJxWB4GYnFfHBF.zRZCG', '1', 135026, 'si', 'No.', 5),
(121, '03907688B', 'María Isabel', 'Gonzalez Diaz', 'isabeltecnologia@hotmail.com', '$2y$10$L8ic0pb2ujedltr9nLNJDO95bHlV83uBuzV/.2YZtAZcqHWDmQykm', '1', 68455, 'si', 'No.', 5),
(122, '03896693X', 'Lucía', 'Crespo Jiménez', 'luciacj81@gmail.com', '$2y$10$fHbi8Jef2Iv.cYdD5FvqTOypU.a6cBuWfcJtzM7Gu.86El1s5pSsm', '1', 132901, 'si', 'E1B', 11),
(123, '05913864N', 'Teresa', 'Sánchez Toledano', 'teresancheztoledano@hotmail.com', '$2y$10$uNJu0LoF5pFskQPXOsf7O.J5gXDKv8ZEm/7fRZLgIVIj5.n6eP8jW', '1', 17454, 'si', 'DIV3A', 3),
(124, 'B67913012', 'Florín y Andreas', 'RUME', 'rume@iesbargas.com', '$2y$10$JE1s/Q0eEFxYklDX7g7kh.4Xy.qj7oivUaI1A7jn7u6z4bfEUDYI2', '2', NULL, 'si', NULL, NULL),
(157, '50060558T', 'Eduardo Félix', 'Rodríguez Juncá', 'orientadoriesbargas@gmail.com', '$2y$10$jTwSie9XyHdwWwMJS/8v7uxuT5l4jddjXudIkrTFLRgE9uM29UMTy', '1', 2779, 'si', 'No.', 12),
(129, '03834723W', 'Fernando', 'Ruiz de los Paños Romero', 'feruizpanos@gmail.com', '$2y$10$uY/vNkvnWRgh1Y/d9murz.yLan46Hc.8wvATL1byY..89qkA3AfQC', '1', 26293, 'si', 'No.', 6),
(130, '03895202Z', 'María Elena', 'Pérez Villaluenga', 'marihelen23_6@hotmail.com', '$2y$10$V1RFqrinAm12hTiwcfpcke7U3PdwaYZsh7E975MFwS4rktiBxfq06', '1', 65009, 'si', 'No.', 9),
(131, '14000148w', 'Andreeas Florin', 'Lazar', 'ruma@iesbargas.com', '$2y$10$mS4JE3ezhrg/mfJrVm1PgOKkOxmAmDKPrXovpHo0I.0rWRoXZHqJ6', '2', NULL, 'si', NULL, NULL),
(132, '03869538H', 'Alejandro', 'Antolínez Cuesta', 'aaac38@educastillalamancha.es', '$2y$10$EUFARIZtPhdmS0lKh4vpcuYeOwFsO2nG6r2zg23xStmZyjOLIZg7S', '1', 38574, 'si', 'SMR2', 8),
(149, '03860237D', 'ROBERTO', 'MARTÍN RIVERA', 'rrmr67@educastillalamancha.es', '$2y$10$QS0OorKfINaZSVCw3WF7auJZqZu0.nPPn8y6.B8.p.bILOtnaH/Ay', '1', 63597, 'si', 'B1C', 10),
(138, '12345678Z', 'Sala', 'De Profesores', 'sala@gmail.com', '$2y$10$d/.kPuTsl8e2.Od8g/vF.eaHw.bBP7P2dred0rg/tiGI8RavDe/ai', '1', 11111, 'si', 'No.', 18),
(146, '87654321X', 'Esperanza y Rocío', 'Secretaría', 'secretaria@iesbargas.com', '$2y$10$KMJUeTz2a5TWaY6rS8xQTOTb3emYkRhFd6PM6hpA9Q0dkmSBSMEoe', '3', NULL, 'si', NULL, NULL),
(147, '03843530T', 'Pilar', 'Lozano García', 'pilarlozanas@gmail.com', '$2y$10$TTlx492cQeSrL/89VkQ4j.9Fn5SPOuGEpLfMapxMOeJtk7EzO0nHe', '1', 6221, 'si', 'No.', 15),
(150, '11223344Z', 'Limpieza', 'Personal Laboral', 'limpieza@iesbargas.com', '$2y$10$1LyNea2BF07zDM0b0FhTEOb9FMESEtRE3Qr6pLJwCMmMKmW4qTwP6', '3', NULL, 'si', NULL, NULL),
(151, '03861025S', 'ROBERTO', 'DE LA CRUZ DE LA ENCINA', 'indisposicion@gmail.com', '$2y$10$2sCF/nrBTDdZ9NO3Pew8vecuSbPXwjcj4UQFj9ONm2m.9RxyseifS', '0', 25888, 'si', 'No.', 7),
(152, '48935729d', 'Nuria ', 'Planes Castilla', 'nplanes.ies@gmail.com', '$2y$10$jU84ILTyQBbJV2ByVGBNw.Ed3zJinzQFuqFMQU8PCZcKOkDdNTJtS', '1', 88684, 'si', 'CFGB2', 8),
(155, '08110112J', 'Satur', 'Sánchez Sánchez', 'satursanchez1@yahoo.es', '$2y$10$38IzEfr7U4tR1AfM6ngMGOqD2HB2tJ5PVdKnXQVus5XO5RdwYxYzC', '1', 15066, 'si', 'DIV4E', 12),
(156, '03923137G', 'Irene', 'Patiño López', 'irenepl93@gmail.com', '$2y$10$NMOxxOqJH.KlMptZ5IYxgOO6Vf6hABKb0KjSKkjpAlZoauDHqWe1q', '1', 155963, 'si', 'No.', 12),
(160, '15501356T', 'María del Mar ', 'García Ruiz ', 'm.margarcia665@gmail.com', '$2y$10$BAZwVPPK17dyTgZGHIoqVO2pW9d5GjGoYHc10sBDgNsljbQRcB3dC', '1', 26464, 'si', 'E1F', 6),
(161, '02913400J', 'M Eugenia', 'Prieto Ruiz', 'eugenia.laprofe@gmail.com', '$2y$10$sdSnJOYWXkn3jjEiUMLLFewNw2hErSLukou7wQ8fp8OqhYZPhi0ie', '1', 65152, 'si', 'E1C', 11),
(162, '05925006E', 'ANA MARÍA', 'RUIZ RODRÍGUEZ', 'anamariaruiz_1981@hotmail.com', '$2y$10$sz2a2MBreznN7J9TW30PDuzQIALUzTiWxP3RVbg4pBerkiB6QnW9W', '1', 25571, 'si', 'No.', 2),
(163, '26221816E', 'José María ', 'Ramírez Moreno ', 'josemariaramirezmoreno@gmail.com', '$2y$10$BZtCdUXnSNir6FNVb4FwbOBLcvlR2TV6T07AQ3.PCLW6Tq1jCFsMC', '1', 88684, 'si', 'CFGB2', 8),
(164, '77226247k', 'Maria', 'Ruiz ', 'maaruga16@gmail.com', '$2y$10$kUDYxZ/c2csbBtxMtA9eyu.sbHG6mHnBNJlyBqZ8Z06i1AlUrmWdq', '1', 45258, 'si', 'B2C', 10),
(165, '30239653N', 'Patricia', 'Del Valle Encuentra', 'patriciadelvalleencuentra@gmail.com', '$2y$10$XjPZOGynv212IxzZ1m6mqOEhgnABEBl7KtoSK48R9.ObepnkuEnGm', '1', 53908, 'si', 'No.', 6),
(166, '05936976D', 'Daniel', 'Rodriguez Paredes', 'danirodparedes@gmail.com', '$2y$10$lseoNpt84K2TH4ugmwxg4.6huhQkOUwWjllgBBL6wXMJm6i3dLOm.', '1', 63360, 'si', 'E4F', 2),
(167, '80152105A', 'Marcelino', 'Dueñas Olmo', 'marcelino.olmo@gmail.com', '$2y$10$w4kVwUC4w8KTTQp3b8aTvelhu2Qd3G.BoLEKUM9kOZ9qeYFMuVFOW', '1', 2644, 'si', 'No.', 12),
(168, '03926802N', 'TANIA', 'DEL CERRO SÁNCHEZ', 'ttdcs01@educastillalamancha.es', '$2y$10$gqLP2zAmXVc3XT.wEgxpUuE/VQ/UrRaMXKLFHZ.avjWkY.JgRvmJG', '1', 157714, 'si', 'No.', 5),
(169, '53842226P', 'Mohamed', 'Al Nabolsy', '59gaiz@gmail.com', '$2y$10$RGVS0bg7meUtRRcwvjq2IuRcUoi9pMn7Dsj2anHa.8MMvdhQY3im6', '1', 139638, 'si', 'E1A', 3),
(170, '03875260J', 'Carolina', 'Sanchez Rosell', 'guasasa77@hotmail.com', '$2y$10$HX88Y88.//VBV5iaSn5z7eSyF4l2XOFIK8VvMnbfqaLtjxaXAxSt2', '1', 45256, 'si', 'No.', 2);


INSERT INTO Partes (cod_usuario, matricula_Alumno, incidencia, materia, fecha, hora, descripcion, fecha_Comunicacion, via_Comunicacion, tipo_Parte, caducado) VALUES
(2, '2021/1120', 1,1, '2023-10-09', '14:18:50', 'Tener un movil encendido en la mesa durante la clase.    ', '2023-10-10', 'Mensaje', 'Puntos', 2),
(2, '2021/1120', 2,1, '2024-10-09', '14:18:50', 'Tener un movil encendido en la mesa durante la clase.    ', '2023-10-10', 'Mensaje', 'Puntos', 2),
(2, '2021/1120', 2,2, '2023-10-09', '14:18:50', 'Tener un movil encendido en la mesa durante la clase.    ', '2023-10-10', 'Mensaje', 'Puntos', 2),
(2, '2021/1120', 4,2, '2023-10-09', '14:18:50', 'Tener un movil encendido en la mesa durante la clase.    ', '2023-10-10', 'Mensaje', 'Puntos', 2),
(2, '2021/1120', 4,2, '2023-10-09', '14:18:50', 'Tener un movil encendido en la mesa durante la clase.    ', '2023-10-10', 'Mensaje', 'Puntos', 2),
(2, '2021/1120', 4,3, '2023-10-09', '14:18:50', 'Tener un movil encendido en la mesa durante la clase.    ', '2023-10-10', 'Mensaje', 'Puntos', 2),
(2, '2021/1120', 1,4, '2023-10-09', '14:18:50', 'Tener un movil encendido en la mesa durante la clase.    ', '2023-10-10', 'Mensaje', 'Puntos', 2),
(2, '2021/1120', 6,5, '2023-10-09', '14:18:50', 'Tener un movil encendido en la mesa durante la clase.    ', '2023-10-10', 'Mensaje', 'Puntos', 2),
(2, '2021/1120', 7,6, '2023-10-09', '14:18:50', 'Tener un movil encendido en la mesa durante la clase.    ', '2023-10-10', 'Mensaje', 'Puntos', 2),
(2, '2021/1120', 7,6, '2023-10-09', '14:18:50', 'Tener un movil encendido en la mesa durante la clase.    ', '2023-10-10', 'Mensaje', 'Puntos', 2);

/*
(2, '2022/3414', 'Actos que menoscaben la autoridad del profesorado y perturban el desarrollo de las clases.', 10, 'tecnología', '2023-10-09', '14:04:43', 'El alumno tenia un movil encendido en las manos durante la clase.    ', '2023-10-10', 'Mensaje', 'Puntos', 5),
(2, '2020/2993', 'Actos de indisciplina que alteren gravemente el desarrollo normal de las actividades del centro.', 10, 'Lengua y literatura', '2023-10-09', '12:05:00', 'Interrumpió repetidamente la lectura de un texto.    ', '2023-10-10', 'Mensaje', 'Puntos', 4),
(2, '2020/3020', 'Interrupción reiterada de las clases y actividades educativas.', 10, 'Lengua y literatura', '2323-10-06', '01:00:00', '    Sin material en la mesa, estuvo hablando a 3 de sus compañeros de alrededor repetidamente.', '2023-10-15', 'Notificación escrita', 'Puntos', 5),
(2, '2020/2953', 'Actos de indisciplina que alteren gravemente el desarrollo normal de las actividades del centro.', 10, 'Física y Química', '2023-10-02', '09:07:57', 'Durante toda la hora, estuvo sonándose los mocos, tirando bolitas de papel sucio a los compañeros, riéndose y sirviendo de divertimento a todos incluso en la clase siguiente, orgulloso de lo bien que lo había pasado.    ', '2023-10-17', 'Llamada telefónica', 'Puntos', 7),
(2, '2020/2956', 'Actos de indisciplina perjudiciales para el profesorado o el funcionamiento de la clase.', 10, 'Física y Química', '2023-10-03', '14:05:42', 'Utilizar el móvil para poner música y bailar en el autobús, de regreso al instituto tras participar en una actividad de la UCLM. Según bailaban fuera de sus asientos, se niega a apagarlo, sentarse y comportarse como corresponde.    ', '2023-10-17', 'Mensaje', 'Puntos', 3),
(2, '2022/1316', 'Actos que menoscaben la autoridad del profesorado y perturban el desarrollo de las clases.', 10, 'MATEMATICAS', '2023-10-11', '10:57:06', 'Falta de respeto al profesor por su forma de hablar, contestar y movimientos con malas formas.    ', '2023-10-11', 'Notificación escrita', 'Puntos', 12),
(2, '2022/3418', 'Interrupción del normal desarrollo de las clases.', 3, 'MATEMATICAS', '2023-10-11', '11:04:04', 'Negarse a cambiarse de sitio cuando se lo pedí.    ', '2023-10-11', 'Notificación escrita', 'Puntos', 3),
(2, '2023/1367', 'Actos de indisciplina perjudiciales para el profesorado o el funcionamiento de la clase.', 10, 'MATEMATICAS', '2023-10-11', '11:02:26', 'Falta de respeto al profesor.    ', '2023-10-11', 'Notificación escrita', 'Puntos', 10),
(2, '2023/1367', 'Interrupción del normal desarrollo de las clases.', 3, 'MATEMATICAS', '2023-10-11', '11:03:14', 'Lanzar objetos a otros alumnos durante la clase.    ', '2023-10-11', 'Notificación escrita', 'Puntos', 9),
(2, '2023/1390', 'Interrupción del normal desarrollo de las clases.', 3, 'MATEMATICAS', '2023-10-11', '10:59:58', 'Interrumpe la clase constantemente. Lanza objetos a compañeros. Hace ruidos, bromas, habla, etc. Le he indicado varias veces que debe guardar silencio. Continúa con su actitud.     ', '2023-10-11', 'Notificación escrita', 'Puntos', 3),
(2, '2023/1390', 'Interrupción del normal desarrollo de las clases.', 3, 'MATEMATICAS', '2023-10-16', '14:09:47', 'pintar en la pizarra sin permiso del profesor    ', '2023-10-16', 'Notificación escrita', 'Puntos', 3),
(2, '2022/2651', 'Actos que menoscaben la autoridad del profesorado y perturban el desarrollo de las clases.', 10, 'Ámbito Sociolingüístico', '2023-09-21', '08:30:00', 'El alumno hace una foto con su móvil a un compañero de la clase dentro del aula. Habían sido advertidos todos sobre el uso del móvil minutos antes.     ', '2023-09-21', 'Mensaje', 'Puntos', 6),
(2, '2020/2913', 'Faltas injustificadas de asistencia a clase o de puntualidad.', 3, 'Desarrollo Digital', '2023-10-05', '11:50:00', 'La alumna acude con retraso, de manera continuada (21/09, 28/09 y 5/10), a clase    ', '2023-10-06', 'Mensaje', 'Puntos', 3),
(2, '2020/3036', 'Faltas injustificadas de asistencia a clase o de puntualidad.', 3, 'Desarrollo Digital', '2023-10-05', '11:50:00', 'El alumno acude con retraso, de manera continuada (21/09, 28/09 y 5/10), a clase    ', '2023-10-11', 'Mensaje', 'Puntos', 3),
(2, '2021/3169', 'Faltas injustificadas de asistencia a clase o de puntualidad.', 3, 'Desarrollo Digital', '2023-10-05', '11:50:00', 'La alumna acude con retraso, de manera continuada (21/09, 28/09 y 5/10), a clase    ', '2023-10-06', 'Mensaje', 'Puntos', 0),
(2, '2021/3290', 'Faltas injustificadas de asistencia a clase o de puntualidad.', 3, 'Desarrollo Digital', '2023-10-05', '11:50:00', 'La alumna acude con retraso, de manera continuada (21/09, 28/09 y 5/10), a clase    ', '2023-10-06', 'Mensaje', 'Puntos', 0),
(2, '2022/2888', 'Faltas injustificadas de asistencia a clase o de puntualidad.', 3, 'Desarrollo Digital', '2023-10-05', '11:50:00', 'La alumna acude con retraso, de manera continuada (21/09, 28/09 y 5/10), a clase    ', '2023-10-06', 'Mensaje', 'Puntos', 0),
(2, '2022/3402', 'Faltas injustificadas de asistencia a clase o de puntualidad.', 3, 'Desarrollo Digital', '2023-10-05', '11:50:00', 'La alumna acude con retraso, de manera continuada (21/09, 28/09 y 5/10), a clase    ', '2023-10-06', 'Mensaje', 'Puntos', 0),
(34, '2022/2651', 'Alteración del desarrollo normal de las actividades del centro.', 5, 'Matemáticas(Ciencias Aplicadas))', '2023-10-04', '10:24:59', 'Estimada Alejandra, le informo sobre su hijo:1.Parte de disciplina Sebastian Pérez CFGB1. 2 hora. 4 octubre 2023Sebastián no ha traído la tarea de expulsión--> 3 puntos.No trae libro y no saca el cuaderno-->2 puntos.Total--> 5 puntos.    ', '2023-10-04', 'Mensaje', 'Puntos', 6),
(34, '2023/1050', 'Actos de indisciplina contra miembros de la comunidad escolar.', 5, 'Tecnología e Ingeniería 1.', '2023-10-10', '09:30:31', '1.Antonio en la clase de Tecnología e Ingeniería en el cuaderno online en word, compartido con un compañero y con un profesor para corregirlo pone: \"chupame el huevo\". El profesor decide hablar con los dos alumnos para ver qué ha pasado. Antonio dice que lo ha escrito él.2. El profesor explica que este comportamiento no es viable y que debe tener un parte de incidencia. Al ser el primero, el docente le propone estar 7 recreos en el taller de ajedrez ayudando al profesor responsable(sacando tableros, ayudando a compañeros, ect)3. Antonio se presenta el lunes 9 al taller de ajedrez y después de ese recreo decide hablar con el profesor. Comenta que prefiere un parte a quedarse en el recreo. El profesor le dice que tramitará entonces, el parte de disciplina.4. Jesús Méndez llama a la madre de Antonio Mario Romero y le expone lo que ha pasado. 5. A continuación tramita el parte y envía un mensaje por educamos- seguimiento educativo.    ', '2023-10-10', 'Mensaje', 'Puntos', 0),
(34, '2019/2787', 'Actos de indisciplina que alteren gravemente el desarrollo normal de las actividades del centro.', 10, 'Música ', '2023-10-16', '12:40:00', '    Uso del móvil en mi clase', '2023-10-16', 'Notificación escrita', 'Puntos', 3),
(34, '2023/1459', 'Actos de indisciplina que alteren gravemente el desarrollo normal de las actividades del centro.', 10, 'Musica', '2023-10-17', '11:45:00', 'Uso del movil    ', '2023-10-17', 'Notificación escrita', 'Puntos', 8),
(34, '2023/3588', 'Actos de indisciplina contra miembros de la comunidad escolar.', 5, 'Música ', '2023-10-17', '11:45:00', 'Insulta a un compañero, llamándole  “ cara polla” en árabe.     ', '2023-10-17', 'Notificación escrita', 'Puntos', 0),
(34, '2022/959', 'Actos de indisciplina que alteren gravemente el desarrollo normal de las actividades del centro.', 10, 'jefatura', '2023-10-10', '14:18:16', 'Falsificación con las credenciales de la madre del permiso para salir en el recreo. A continuación, incumplimiento de la orden de que se quede en el recreo en  jefatura.    ', '2023-10-10', 'Notificación escrita', 'Puntos', 2),
(34, '2021/3137', 'Alteración del desarrollo normal de las actividades del centro.', 5, 'INGLÉS', '2023-10-10', '08:45:00', ' El alumno ha llegado tarde a clase sin causa justificada.', '2023-10-10', 'Mensaje', 'Puntos', 9),
(34, '2022/3457', 'Actos de indisciplina contra miembros de la comunidad escolar.', 5, 'INGLÉS', '2023-10-29', '13:00:00', '    La alumna habla a un compañero de malas maneras faltándole al respeto.', '2023-10-11', 'Mensaje', 'Puntos', 3),
(34, '2023/1367', 'Alteración del desarrollo normal de las actividades del centro.', 5, 'INGLÉS', '2023-10-09', '14:00:51', 'El alumno habla en árabe durante la clase.    ', '2023-10-10', 'Mensaje', 'Puntos', 10),
(34, '2023/3545', 'Actos de indisciplina contra miembros de la comunidad escolar.', 5, 'INGLÉS', '2023-10-16', '12:45:46', '    La alumna contesta de malas maneras a la profesora cuando se le indica que debe cambiarse de sitio.', '2023-10-16', 'Mensaje', 'Puntos', 15),
(34, '2022/3418', 'Actos de indisciplina contra miembros de la comunidad escolar.', 5, 'Música', '2023-09-14', '10:00:00', '    El alumno Aarón Andrés Cuadra ha golpeado a otro alumno en clase de música para hacer la gracia delante del resto de la clase .', '2023-10-11', 'Mensaje', 'Puntos', 3),
(34, '2023/1367', 'Interrupción del normal desarrollo de las clases.', 3, 'Música', '2023-09-14', '10:00:00', 'El alumno Adam Errajaoui no ha respetado el silencia en clase y ha interrumpido en numerosas ocasiones el desarrollo normal del aula de música     ', '2023-10-11', 'Mensaje', 'Puntos', 9),
(34, '2022/3332', 'Desconsideración con otros miembros de la comunidad escolar.', 3, 'PAPV', '2023-10-05', '10:00:00', '    Conflicto con Anas HADDU. Tras pedirles que abandonen el aula para solucionar el conflicto en Jefatura, Javier se niega en reiteradas ocasiones desobedeciendo a la profesora. ', '2023-10-05', 'Mensaje', 'Puntos', 6),
(34, '2023/912', 'Actos que menoscaben la autoridad del profesorado y perturban el desarrollo de las clases.', 10, 'inglés', '2023-09-26', '14:00:00', 'En  la clase del día 25 el alumno se pasa la hora desobedeciendo las indicaciones que les doy; se muestra desafiante e irrespetuoso. Esta conducta va cada vez a más y tengo que parar la clase en tres ocasiones para pedirle que rectifique su actitud o que salga del aula.Les pedí que tuvieran los ordenadores apagados en varias ocasiones, pero no hizo caso. Al contrario, me hace comentarios como \"Que sí, que sí, mira como lo apago, mira\" Mientras pulsa el ratón varias veces.En la clase del día siguiente empieza igual: viene sin material, no tiene ni mochila ni nada. En mitad de una explicación interrumpe con comentarios irrespetuosos y desafiantes: mientras hablo, se pone a hablar de Camarón con el compañero que me había preguntado una duda. Le pido que se vaya de clase a Jefatura y dspués de un rato, vuelve diciendo que no hay nadie allí; compruebo que no es cierto, había cuatro personas allí.    ', '2023-09-29', 'Notificación escrita', 'Puntos', 3),
(34, '2019/2753', 'Reiteración de conductas contrarias a las normas de convivencia en el centro.', 10, 'Lengua y Literatura', '1970-01-01', '13:45:00', '    El alumno intenta engañar a la profesora haciéndose pasar por un compañero. Miente sobre su nombre, lo que causa revuelo en el aula y retrasa el comienzo de la clase.', '1970-01-01', 'Mensaje', 'Puntos', 2),
(34, '2020/2927', 'Interrupción reiterada de las clases y actividades educativas.', 10, 'Lengua y Literatura', '2023-10-10', '10:00:00', 'El alumno interrumpe la clase constantemente con comentarios desafortunados. El último de ellos, a colación de estar estudiando el poder del amor y la muerte en la Literatura romántica, es el siguiente: \"¿y si mato a mi novia?..\"    ', '2023-10-10', 'Mensaje', 'Puntos', 3),
(34, '2022/3466', 'Interrupción reiterada de las clases y actividades educativas.', 10, 'Lengua castellana y Literatura', '2023-10-11', '13:15:00', 'Llevo avisando a Kelvin varios días de que no puede estar riéndose cuando le apetece porque interrumpe el desarrollo de la clase, le tengo que llamar la atención porque intenta distraer a los compañeros, no siempre realiza las tareas que mando y el miércoles comió en clase chucherías.Le he dado varias oportunidades pero no ha cambiado su actitud.     ', '2023-10-12', 'Mensaje', 'Puntos', 6),
(34, '2023/1385', 'Alteración del desarrollo normal de las actividades del centro.', 5, 'Educación Física ', '2023-10-06', '12:40:00', 'Sigue interrumpiendo y molesta a sus compañeros    ', '2023-10-11', 'Mensaje', 'Puntos', 12),
(34, '2023/1385', 'Incumplimiento de las medidas correctoras impuestas con anterioridad.', 10, 'Educación Física ', '2023-10-11', '12:35:00', 'Reiteración en indisciplina tras múltiples conductas disruptivas    ', '2023-10-11', 'Mensaje', 'Puntos', 12),
(34, '2023/1385', 'Interrupción del normal desarrollo de las clases.', 3, 'Educación Física ', '2023-10-11', '16:17:01', 'Interrumpir las explicaciones del profesor     ', '2023-10-11', 'Mensaje', 'Puntos', 12),
(34, '2023/3544', 'Interrupción del normal desarrollo de las clases.', 3, 'Educación Física ', '2023-10-04', '13:35:00', 'Interrumpir las explicaciones del profesor    ', '2023-10-11', 'Mensaje', 'Puntos', 7),
(34, '2023/3545', 'Interrupción del normal desarrollo de las clases.', 3, 'Educación Física ', '2023-10-11', '12:40:00', 'Conducta disruptiva generando alteración en el normal desarrollo de la sesión de clase.    ', '2023-10-11', 'Mensaje', 'Puntos', 15),
(34, '2019/2744', 'Faltas injustificadas de asistencia a clase o de puntualidad.', 3, 'Dirección', '2023-10-06', '08:35:45', 'El alumno llega tarde a primera hora de manera reiterada.    ', '2023-10-06', 'Mensaje', 'Puntos', 4),
(34, '2020/2912', 'Faltas injustificadas de asistencia a clase o de puntualidad.', 3, 'Dirección', '2023-10-06', '08:35:12', 'El alumno llega tarde a primera hora de manera reiterada.    ', '2023-10-06', 'Mensaje', 'Puntos', 2),
(117, '2020/2927', 'Faltas injustificadas de asistencia a clase o de puntualidad.', 3, 'Dirección', '2023-10-06', '08:35:00', 'El alumno llega tarde a primera hora de manera reiterada.    ', '2023-10-06', 'Mensaje', 'Puntos', 2),
(117, '2020/2948', 'Interrupción del normal desarrollo de las clases.', 3, 'Matemáticas', '2023-10-11', '13:35:00', 'La alumna interrumpe la clase. Ella habla reiteradamente mientras yo explico.    ', '2023-10-16', 'Mensaje', 'Puntos', 0),
(117, '2020/3022', 'Interrupción del normal desarrollo de las clases.', 3, 'Matemáticas', '2023-10-11', '13:35:35', 'El alumno habla mientras yo explico, lo que provoca que tenga que interrumpir la clase de manera reiterada.    ', '2023-10-16', 'Mensaje', 'Puntos', 0),
(117, '2021/3178', 'Faltas injustificadas de asistencia a clase o de puntualidad.', 3, 'Dirección', '2023-10-06', '08:35:08', 'El alumno llega tarde a primera hora de manera reiterada.    ', '2023-10-06', 'Mensaje', 'Puntos', 0),
(117, '2022/892', 'Actos de indisciplina que alteren gravemente el desarrollo normal de las actividades del centro.', 10, 'Dirección', '2023-10-02', '09:30:35', 'El alumno aprovecha que sale al servicio para hacer una foto con el móvil a otro compañero.    ', '2023-10-02', 'Mensaje', 'Puntos', 6),
(117, '2022/993', 'Actos de indisciplina que alteren gravemente el desarrollo normal de las actividades del centro.', 10, 'Dirección', '2023-10-02', '09:30:53', 'El alumno sale al servicio y aprovecha para posar en el pasillo para que otro compañero le haga una foto con el móvil.    ', '2023-10-02', 'Mensaje', 'Puntos', 2),
(117, '2023/2903', 'Faltas injustificadas de asistencia a clase o de puntualidad.', 3, 'Dirección', '2023-10-06', '08:35:16', 'La alumna llega tarde a primera hora de manera reiterada.    ', '2023-10-06', 'Mensaje', 'Puntos', 0),
(117, '2022/3466', 'Interrupción del normal desarrollo de las clases.', 3, 'Valores Cívicos', '2023-10-17', '13:30:16', 'El alumno no para de hacer comentarios desconsiderados y a destiempo, utilizando expresiones ofensivas hacia algunos colectivos.    ', '2023-10-17', 'Mensaje', 'Puntos', 5),
(117, '2021/3137', 'Deterioro grave e intencionado de las dependencias del centro u otros miembros de la CE.', 10, 'Jefatura', '2023-10-09', '13:08:55', 'Escupe, asomándose desde la ventana, al estar haciendo trabajos socioeducativos, al interior de una clase. El escupitajo cae en el estuche de una compañera. El alumno no niega el hecho, pero apenas le da importancia.    ', '2023-10-09', 'Mensaje', 'Puntos', 10),
(117, '2023/1459', 'Acoso o la violencia contra las personas.', 10, 'Jefatura', '2023-10-17', '13:32:30', '    Se pelea en el recreo.', '2023-10-17', 'Llamada telefónica', 'Puntos', 8),
(117, '2023/1459', 'Actos de indisciplina que alteren gravemente el desarrollo normal de las actividades del centro.', 10, 'Jefatura', '2023-10-17', '13:35:47', 'usa el móvil    ', '2023-10-17', 'Llamada telefónica', 'Puntos', 8),
(117, '2023/3545', 'Acoso o la violencia contra las personas.', 10, 'Jefatura', '2023-10-17', '13:29:32', 'Se pelea en el recreo.    ', '2023-10-17', 'Entrevista con los padres', 'Puntos', 15),
(117, '2023/953', 'Actos que menoscaben la autoridad del profesorado y perturban el desarrollo de las clases.', 10, 'ECONOMÍA', '2023-09-14', '12:21:10', 'Uso del móvil en clase sin permiso de la profesora.    ', '2023-09-14', 'Mensaje', 'Puntos', 2),
(117, '2022/1280', 'Actos de indisciplina contra miembros de la comunidad escolar.', 5, 'Reparto de libros', '2023-09-26', '11:36:58', 'En el reparto de libros, le llamo la atención y le digo que deje de molestar, le mando a la cola y según se lo digo, dice en voz alta JODER!!!!Por lo que le mandé para clase y le pongo este parte.    ', '2023-09-26', 'Llamada telefónica', 'Puntos', 3),
(117, '2022/901', 'Alteración del desarrollo normal de las actividades del centro.', 5, 'Equipos eléctricos y electrónicos', '2024-03-15', '12:26:01', 'Estar realizando otras actividades en clase que no tienen nada que ver con la asignatura.', '2024-03-15', 'Llamada telefónica', 'Puntos', 0),
(117, '2021/1116', 'Actos de indisciplina perjudiciales para el profesorado o el funcionamiento de la clase.', 10, 'Educación en Valores cívicos y éticos', '2024-03-14', '13:00:55', 'La alumna estaba hablando en la clase de ayer durante la exposición oral de un trabajo de sus compañeros. El profesor pide que se calle y pida perdón a sus compañeros. La alumna se molesta por la llamada de atención, pide perdón a sus compañeros y termina llamando \"pesado\" al profesor.', '2024-03-15', 'Mensaje', 'Puntos', 2),
(117, '2023/3556', 'Alteración del desarrollo normal de las actividades del centro.', 5, 'Equipos eléctricos y electrónicos', '2024-03-15', '12:27:09', '\r\nEstar realizando otras actividades en clase que no tienen nada que ver con la asignatura.\r\n    ', '2024-03-15', 'Llamada telefónica', 'Puntos', 0),
(117, '2022/3332', 'Actos de indisciplina perjudiciales para el profesorado o el funcionamiento de la clase.', 10, 'Historia', '2023-10-11', '14:00:28', 'El alumno se levantó de su sitio para salir de la clase, le pregunté dónde iba y me dijo que al servicio. Le dije que tenía que pedir permiso antes y me dijo: \" me da igual\". A pesar de las advertencias de que iba a tener un parte siguió diciendo que le daba igual.    ', '2023-10-17', 'Llamada telefónica', 'Puntos', 6),
(117, '2021/3137', 'Reiteración de conductas contrarias a las normas de convivencia en el centro.', 10, 'Lengua castellana y Literatura', '2023-09-26', '13:35:00', '    Illias ha salido de clase sin permiso, molestando a otras clases. Dos días antes, ha llegado tarde a clase 20 minutos. El día 26/09 la profesora de guardia lo ha pillado paseándose por los pasillos sin permiso. Se esconde en otras clases para alterar al profesor y a otros compañeros.', '2023-09-26', 'Mensaje', 'Puntos', 9),
(117, '2022/3069', 'Reiteración de conductas contrarias a las normas de convivencia en el centro.', 10, 'Lengua castellana y Literatura', '2023-10-05', '09:25:00', 'Uso del teléfono móvil en clase.    ', '2023-10-05', 'Mensaje', 'Puntos', 4),
(117, '2023/3647', 'Actos que menoscaben la autoridad del profesorado y perturban el desarrollo de las clases.', 10, 'Lengua castellana y Literatura', '2023-10-04', '12:40:00', 'A pesar de las constantes llamadas de atención al principio de la clase, el alumno sigue hablando en voz alta con sus compañeros (contándoles una historia). Se le llama la atención un par de veces, incluso esperando a que guardase silencio por voluntad propia. El alumno mira, es consciente del aviso y se ríe mirando al resto de los compañeros para que sean cómplices, además de incorporar expresiones malsonantes como \"chúpame la X\" en alto y delante de su profesora y compañeros.    ', '2023-10-04', 'Mensaje', 'Puntos', 3),
(117, '2019/1044', 'Actos de indisciplina contra miembros de la comunidad escolar.', 5, 'inglés', '2023-10-16', '12:14:26', 'Quedarse dormido en la clase de inglés.    ', '2023-10-16', 'Notificación escrita', 'Puntos', 2),
(117, '2019/1044', 'Reiteración de conductas contrarias a las normas de convivencia en el centro.', 10, 'inglés', '2023-10-02', '11:45:21', 'Uso del móvil.    ', '2023-10-05', 'Mensaje', 'Puntos', 3),
(117, '2019/1154', 'Alteración del desarrollo normal de las actividades del centro.', 5, 'inglés', '2023-10-16', '12:39:03', 'llegar al tercer aviso de llamar la atención por hablar continuamente.    ', '2023-10-16', 'Notificación escrita', 'Puntos', 3),
(117, '2019/2787', 'Reiteración de conductas contrarias a las normas de convivencia en el centro.', 10, 'inglés', '2023-10-02', '12:40:00', 'Uso del móvil, cascos incluidos.    ', '2023-10-02', 'Mensaje', 'Puntos', 4),
(117, '2020/3009', 'Alteración del desarrollo normal de las actividades del centro.', 5, 'inglés', '2023-10-16', '12:41:28', 'Llegar al tercer aviso de interrupción de las clases.    ', '2023-10-16', 'Notificación escrita', 'Puntos', 3),
(117, '2020/3031', 'Reiteración de conductas contrarias a las normas de convivencia en el centro.', 10, 'inglés', '2023-10-05', '10:20:43', '    Uso del móvil durante la clase de inglés.', '2023-10-05', 'Mensaje', 'Puntos', 5),
(100, '2023/933', 'Alteración del desarrollo normal de las actividades del centro.', 5, 'inglés', '2023-10-05', '11:45:56', 'Interrumpir las clases.Repetidamente.    ', '2023-10-05', 'Mensaje', 'Puntos', 3),
(100, '2023/1395', 'Desconsideración hacia el profesorado.', 10, 'Inglés', '2023-02-10', '10:20:00', 'Al introducir el nombre de usuario en el libro digital, el alumno dice \"Gema cantimplora\". No es la primera vez que Lucas hace alguna gracia en clase, ya se le ha llamado la atención en otras ocasiones. Además, el alumno no es capaz de reconoce los hechos hasta que se le dice que se le va a poner un parte y es entonces cuando pide perdón.\r\n\r\n    ', '2023-02-10', 'Notificación escrita', 'Puntos', 3),
(100, '2023/3581', 'Actos de indisciplina contra miembros de la comunidad escolar.', 5, 'inglés', '2023-10-18', '11:55:01', 'Es el segundo día que David entra a clase comiendo y lo sigue haciendo dentro del aula. Es algo que está totalmente prohibido y él lo sabe ya que la semana pasada pasó lo mismo y le expliqué no podía hacerlo. Después de llamarle la atención sigue manteniendo que va a comer en clase porque no le da tiempo a terminar en el recreo.\r\n\r\n\r\n    ', '2023-10-18', 'Mensaje', 'Puntos', 0),
(100, '2021/1124', 'Interrupción reiterada de las clases y actividades educativas.', 10, '', '2023-10-18', '18:36:02', '\r\nMal comportamiento durante toda la clase (hablar sin permiso, cantar, levantarse...todo sin permiso), lo que ha impedido el curso normal de la misma, con el respectivo perjuicio a sus compañeros, a la docente y a sí mismo. \r\n    ', '2023-10-18', 'Mensaje', 'Puntos', 9),
(100, '2022/3469', 'Desconsideración con otros miembros de la comunidad escolar.', 3, 'inglés', '2023-10-19', '10:50:45', 'Alejandro se niega a hacer las cosas que le pido: hacer tareas, coger apuntes o anotar información importante. No sólo eso, sino que además me contesta cuando le pido que haga estas cosas con frases tipo: \"No lo voy a hacer\" \"¿Para qué? No lo quiero hacer, etc\r\n\r\n    ', '2023-10-19', 'Mensaje', 'Puntos', 0),
(100, '2020/2979', 'Actos de indisciplina perjudiciales para el profesorado o el funcionamiento de la clase.', 10, 'Matematicas', '2023-10-19', '11:22:47', '\r\n\r\n    USO DEL MÓVIL EN CLASE', '2023-10-19', 'Mensaje', 'Puntos', 2),
(100, '2021/3143', 'Reiteración de conductas contrarias a las normas de convivencia en el centro.', 10, 'Lengua Castellana y Literatura', '2023-10-04', '12:40:00', 'El alumno faltó a clase y los compañeros aseguraron que había estado en las horas anteriores. La profesora que tenía clase a continuación también confirmó que después fue a su clase y acudió con 10 minutos de retraso. Se ha preguntado a Jefatura de Estudios si el alumno estuvo allí durante el periodo de su ausencia de clase, de lo cual no hay constancia, por lo que se saltó deliberadamente la clase.\r\n\r\n    ', '2023-10-06', 'Mensaje', 'Puntos', 4),
(100, '2023/1367', 'Injurias u ofensas graves contra otros miembros de la comunidad escolar.', 10, 'Lengua Castellana y Literatura', '2023-10-06', '10:20:00', 'Falta de respeto muy grave a otro compañero de clase mientras el profesor estaba hablando en el pasillo con otras alumnos del grupo. El alumno hizo comentarios muy ofensivos hacia otro compañero que le pidió que guardase silencio. Lo hizo además en árabe, para que no el resto de compañeros no lo entendiera, pero siendo el compañero ofendido marroquí y conocedor de esta lengua.\r\n\r\n    ', '2023-10-06', 'Llamada telefónica', 'Puntos', 9),
(100, '2022/3408', 'Injurias u ofensas graves contra otros miembros de la comunidad escolar.', 10, 'Lengua Castellana y Literatura', '2023-10-06', '12:40:00', 'Falta muy grave de respeto hacia una compañera. Antes de la llegada del profesor a clase, el alumno ha insultado de manera muy grave y ofensiva a una compañera al intentar ésta mediar en una discusión entre el alumno y otro compañero. La reacción del alumno ha sido confirmada por otros compañeros testigos de lo sucedido.\r\n\r\n    ', '2023-10-06', 'Mensaje', 'Puntos', 2),
(100, '2023/1385', 'Acoso o la violencia contra las personas.', 10, 'Dirección', '2023-10-19', '13:55:00', 'El alumno pega una colleja a otro compañero. Después de pasar por Jefatura de Estudios y hablar con él, le llevo a su clase y al entrar en ella se dirige al alumno a quien ha pegado anteriormente en tono desafiante y amenazador.\r\n\r\n    ', '2023-10-19', 'Mensaje', 'Puntos', 11),
(100, '2021/3185', 'Incumplimiento de las medidas correctoras impuestas con anterioridad.', 10, 'Lengua castellana y Literatura', '2023-10-20', '12:21:17', 'Uso del teléfono móvil durante la clase de Lengua. \r\n\r\n    ', '2023-10-20', 'Mensaje', 'Puntos', 5),
(100, '2022/901', 'Actos que menoscaben la autoridad del profesorado y perturban el desarrollo de las clases.', 10, 'EEE', '2023-10-17', '12:30:23', '\r\nAlberto no tenía la autorización para salir del centro, ni en el recreo ni en las horas de los extremos y por tanto tiene prohibido salir, expresamente se le prohibió salir, más tarde en el recreo salió del centro y no volvió a entrar.\r\nDurante el proceso para esclarecer los hechos, detectamos que nos miente para intentar suavizar el castigo.\r\nPor tanto, por mentir y por escaparse y finalmente por no volver a entrar al centro y saltarse las clases me veo en la obligación de hacerlo constar mediante este parte de expulsión.\r\n\r\n    ', '2023-10-20', 'Mensaje', 'Puntos', 6),
(100, '2023/1385', 'Interrupción del normal desarrollo de las clases.', 3, 'matematicas apoyo P.T.', '2023-10-23', '10:35:26', 'Comer pipas en clase, pese a habérselo advertido en varias ocasiones\r\n\r\n    ', '2023-10-23', 'Notificación escrita', 'Puntos', 10),
(100, '2020/2918', 'Actos de indisciplina perjudiciales para el profesorado o el funcionamiento de la clase.', 10, 'jefatura', '2023-10-23', '10:39:24', 'El alumno suplanta la personalidad de otro alumno en dos ocasiones, faltando al respeto al profesor y a la clase\r\n\r\n    ', '2023-10-23', 'Mensaje', 'Puntos', 2),
(100, '2023/1383', 'Interrupción del normal desarrollo de las clases.', 3, 'Lengua Castellana y Literatura', '2023-10-23', '12:20:00', 'El alumno ha dicho una palabra malsonante e inapropiada durante el desarrollo de la clase.\r\n\r\n    ', '2023-10-23', 'Mensaje', 'Puntos', 2),
(100, '2023/3537', 'Interrupción del normal desarrollo de las clases.', 3, 'Lengua Castellana y Literatura', '2023-10-23', '12:30:00', 'El alumno ha interrumpido la clase en varias ocasiones durante las explicaciones del profesor. Por ello fue advertido anteriormente, pero ha continuado con la misma actitud.\r\n\r\n    ', '2023-10-23', 'Mensaje', 'Puntos', 0),
(100, '2023/1385', 'Alteración del desarrollo normal de las actividades del centro.', 5, 'tecnología', '2023-10-05', '10:57:05', '\r\nhablar en clase reiteradamente a pesar de los avisos.\r\n    ', '2023-10-06', 'Mensaje', 'Puntos', 10),
(100, '2021/3122', 'Interrupción del normal desarrollo de las clases.', 3, 'tecnología', '2023-10-23', '10:00:31', '\r\n\r\n    se negó a cambiarse de sitio', '2023-10-03', 'Mensaje', 'Puntos', 2),
(100, '2021/1181', 'Alteración del desarrollo normal de las actividades del centro.', 5, 'tecnología', '2023-10-06', '11:03:08', '\r\n\r\n    Estar haciendo ruidos durante la clase.', '2023-10-06', 'Mensaje', 'Puntos', 0),
(100, '2020/2956', 'Alteración del desarrollo normal de las actividades del centro.', 5, 'tecnología', '2023-10-05', '09:08:20', '\r\n\r\n    hablar en clase reiteradamente a pesar de los avisos', '2023-10-05', 'Mensaje', 'Puntos', 2),
(100, '2023/3624', 'Alteración del desarrollo normal de las actividades del centro.', 5, 'tecnología', '2023-10-05', '09:12:27', '\r\nhablar con el compañero reiteradamente a pesar de los avisos.\r\n    ', '2023-10-05', 'Mensaje', 'Puntos', 4),
(100, '2020/2945', 'Alteración del desarrollo normal de las actividades del centro.', 5, 'tecnología', '2023-10-05', '09:14:26', '\r\n\r\n    hablar reiteradamente a pesar de los avisos.', '2023-10-05', 'Mensaje', 'Puntos', 2),
(100, '2020/3001', 'Interrupción del normal desarrollo de las clases.', 3, 'Matemáticas', '2023-10-23', '13:35:03', 'El alumno está hablando constantemente mientras yo trato de explicar, incluso se da la vuelta. Me obliga a interrumpir la explicación.\r\n\r\n    ', '2023-10-24', 'Notificación escrita', 'Puntos', 0),
(100, '2023/3621', 'Actos de indisciplina contra miembros de la comunidad escolar.', 5, 'Dirección', '2023-10-24', '11:03:44', 'El alumno ha faltado a clase a primera hora. Ha llamado su madre porque le ha llegado el mensaje con la falta y le ha extrañado. Hablo con el alumno y me miente, dice que se ha dormido y le ha traído su madre, lo cual , evidentemente es falso. Hablo de nuevo con él y reconoce su mentira.\r\n\r\n    ', '2023-10-24', 'Notificación escrita', 'Puntos', 0),
(100, '2020/2953', 'Actos de indisciplina perjudiciales para el profesorado o el funcionamiento de la clase.', 10, 'Física y Química', '2023-10-24', '11:35:11', 'Se le pide cambiar de sitio para dejar su mesa a un compañero que tiene que hacer un examen. Se revuelve voceando sin dejar  terminar de explicarse a la profesora, se levanta haciendo gestos exagerados moviéndose entre las mesas, gritando sin control. No atiende a los compañeros que intentan explicarle y calmarle. Se le pide que baje a jefatura, acompañado de un compañero para poder empezar la clase.\r\n\r\n    ', '2023-10-24', 'Mensaje', 'Puntos', 6),
(100, '2022/1316', 'Actos de indisciplina perjudiciales para el profesorado o el funcionamiento de la clase.', 10, 'Música ', '2023-10-24', '11:45:00', '\r\nUso del móvil \r\n    ', '2023-10-24', 'Mensaje', 'Puntos', 10),
(100, '2020/2935', 'Alteración del desarrollo normal de las actividades del centro.', 5, 'Matemáticas', '2023-10-23', '13:35:47', 'El alumno acusa, al parecer, falsamente, a otro compañero de haberle quitado a otra compañera los separadores de su carpesano y desordenarle los apuntes. Me hace interrumpir mi clase y provoca un proceso de entrevistas con otros alumnos que interfiere en el normal desarrollo de mi labor docente.\r\n\r\n    ', '2023-10-24', 'Notificación escrita', 'Puntos', 2),
(100, '2022/1316', 'Actos que menoscaben la autoridad del profesorado y perturban el desarrollo de las clases.', 10, 'MATEMATICAS', '2023-10-25', '11:54:02', 'No deja de hacer comentarios en voz alta. Cuando le indico que no puede hacerlo, lo vuelve a hacer. Le dije que saliera fuera de clase un momento y salió dando malas contestaciones y un portazo.\r\n\r\n    ', '2023-10-25', 'Notificación escrita', 'Puntos', 10),
(100, '2021/1124', 'Alteración del desarrollo normal de las actividades del centro.', 5, 'INGLÉS', '2023-10-25', '13:15:00', '\r\nInterrumpir en varias ocasiones el normal desarrollo de la clase. No seguir las indicaciones de la profesora.\r\n    ', '2023-10-26', 'Mensaje', 'Puntos', 8),
(100, '2021/1103', 'Actos de indisciplina contra miembros de la comunidad escolar.', 5, 'inglés', '2023-10-25', '14:07:20', 'Ricardo se dedica a interrumpir las clases de forma continuada: hace comentarios absurdos cada dos por tres; pregunta cosas que no vienen a cuento; se pone a hablar por señas con los compañeros de enfrente... Además no para de provocarme para que me enfade; intento no hacerle caso pero llega a unos límites que no puedo tolerar.\r\nHe probado de todo: intentar razonar; reñirle; ponerle de pie; sacarle del aula... Todo le da igual.\r\n\r\n    ', '2023-10-26', 'Mensaje', 'Puntos', 3),
(100, '2021/1170', 'Interrupción del normal desarrollo de las clases.', 3, 'inglés', '2023-10-25', '14:00:35', 'Se pasa las clases pendiente de Ricardo e interrumpen continuamente. Le tengo que llamar varias veces la atención y pedirle que dejen de hablar, ya sea verbal o gestualmente.\r\n\r\n    ', '2023-10-26', 'Mensaje', 'Puntos', 0),
(100, '2023/3647', 'Alteración del desarrollo normal de las actividades del centro.', 5, 'inglés', '2023-10-26', '11:45:00', 'Interrumpir repetidamente la clase por hablar y haber llegado al tercer aviso. No pongo parte a la primera, les voy dando avisos, y al tercero ya sí que se pone un parte de 5 puntos.\r\n\r\n    ', '2023-10-26', 'Notificación escrita', 'Puntos', 2),
(117, '2023/3545', 'Alteración del desarrollo normal de las actividades del centro.', 5, 'tecnología', '2023-10-26', '14:00:55', '\r\nHablar durante la clase reiteradamente a pesar de los avisos.\r\n    ', '2023-10-26', 'Mensaje', 'Puntos', 15),
(100, '2023/3545', 'Actos que menoscaben la autoridad del profesorado y perturban el desarrollo de las clases.', 10, 'Historia', '2023-10-26', '12:40:04', '\r\nLa alumna se niega a cambiarse de sitio para la realización de un examen.\r\n    ', '2023-10-27', 'Mensaje', 'Puntos', 15),
(100, '2022/3332', 'Interrupción del normal desarrollo de las clases.', 3, 'Historia', '2023-10-27', '09:00:54', 'Javier interrumpe constantemente la clase, se le llama la atención varias veces, se le cambia de sitio para evitarlo y continúa con su comportamiento.\r\n\r\n    ', '2023-10-27', 'Mensaje', 'Puntos', 5),
(100, '2021/3143', 'Actos de indisciplina que alteren gravemente el desarrollo normal de las actividades del centro.', 10, 'Matemáticas', '2023-10-27', '11:12:41', '\r\nEl alumno utiliza el móvil durante la clase de matemáticas. \r\n    ', '2023-10-27', 'Notificación escrita', 'Puntos', 3),
(117, '2020/2973', 'Alteración del desarrollo normal de las actividades del centro.', 5, 'Lengua y Literatura', '2023-10-27', '12:46:18', '\r\n\r\n    El alumno molesta constantemente, interrumpe y habla sin parar. Se levanta, además, para \"pelearse\" con un compañero.', '2023-10-27', 'Mensaje', 'Puntos', 2),
(40, '2020/2935', 'Alteración del desarrollo normal de las actividades del centro.', 5, 'Lengua y Literatura', '2023-10-27', '12:31:35', '\r\nEl alumno molesta constantemente, interrumpe y habla sin parar. Se levanta, además, para \"pelearse\" con un compañero.\r\n    ', '2023-10-27', 'Mensaje', 'Puntos', 2),
(40, '2023/1367', 'Actos que menoscaben la autoridad del profesorado y perturban el desarrollo de las clases.', 10, 'MATEMATICAS', '2023-10-27', '14:06:32', 'Interrumpe la clase de forma reiterada. Cuando llamo su atención por tales acciones, siempre entra en discusión reiterando que no es quien lo hace, cuando de forma clara es él quien interrumpe y daña constantemente el transcurso de la clase. Contesta con falta de respeto hacia mi. \r\n\r\n    ', '2023-10-27', 'Notificación escrita', 'Puntos', 8),
(40, '2021/3140', 'Actos de indisciplina perjudiciales para el profesorado o el funcionamiento de la clase.', 10, 'Física y Química', '2023-10-30', '13:18:16', 'Le suena dos veces el móvil en clase aunque alega que él no ha sido. La culpa es del móvil por sonar. Se le recuerda que los móviles están prohibidos en el centro.\r\n\r\n    ', '2023-10-30', 'Notificación escrita', 'Puntos', 2),
(40, '2021/3122', 'Actos de indisciplina contra miembros de la comunidad escolar.', 5, 'Lengua Castellana y Literatura', '2023-10-30', '11:55:42', '\r\nEl alumno se niega a sentarse en el lugar del aula que le ha adjudicado su tutora y que la profesora de lengua mantiene. El alumno genera una situación reiterada de desobediencia hacia la docente y está ocasionando que otros alumnos tampoco quieran sentarse donde les corresponde, lo que genera tensión en la clase. Cuando al alumno se le dice que la desobediencia tendrá como consecuencia un parte de incidencia, responde que le da lo mismo y que no se mueve a su sitio.\r\n    ', '2023-10-30', 'Mensaje', 'Puntos', 2),
(40, '2019/1035', 'Actos de indisciplina perjudiciales para el profesorado o el funcionamiento de la clase.', 10, 'Música ', '2023-10-30', '12:40:00', '\r\nUso del móvil \r\n    ', '2023-10-30', 'Mensaje', 'Puntos', 2),
(40, '2022/3428', 'Acoso o la violencia contra las personas.', 10, 'Jefatura', '2023-10-27', '09:00:03', 'El alumno, con más compañeros, ha participado en varias ocasiones en mofas e insultos a una compañera de clase. La última semana llegó también a participar en un intento de culpar a esa compañera de ser ella la que inició todo y la que agrede a él y a sus amigos. Han reconocido tanto Iyad como el resto de los implicados que no fueron así los hechos. \r\n\r\n    ', '2023-10-31', 'Mensaje', 'Puntos', 3),
(40, '2020/2982', 'Acoso o la violencia contra las personas.', 10, 'Jefatura', '2023-10-27', '09:07:26', 'El alumno, con más compañeros, ha participado en varias ocasiones en mofas e insultos a una compañera de clase. La última semana llegó también a participar en un intento de culpar a esa compañera de ser ella la que inició todo y la que agrede a él y a sus amigos. Han reconocido tanto Eduardo como el resto de los implicados que no fueron así los hechos. \r\n\r\n    ', '2023-10-31', 'Mensaje', 'Puntos', 4),
(40, '2021/1124', 'Acoso o la violencia contra las personas.', 10, 'Jefatura', '2023-10-27', '09:09:35', 'El alumno, con más compañeros, ha participado en varias ocasiones en mofas e insultos a una compañera de clase. La última semana llegó también a participar en un intento de culpar a esa compañera de ser ella la que inició todo y la que agrede a él y a sus amigos. Han reconocido tanto Iker como el resto de los implicados que no fueron así los hechos. \r\n\r\n    ', '2023-10-31', 'Mensaje', 'Puntos', 8),
(40, '2021/1096', 'Acoso o la violencia contra las personas.', 10, 'Jefatura', '2023-10-27', '09:10:49', 'El alumno, con más compañeros, ha participado en varias ocasiones en mofas e insultos a una compañera de clase. La última semana llegó también a participar en un intento de culpar a esa compañera de ser ella la que inició todo y la que agrede a él y a sus amigos. Han reconocido tanto Rubén como el resto de los implicados que no fueron así los hechos. Es el único de los cuatro que ha expresado la intención de pedir perdón por los hechos. \r\n\r\n    ', '2023-10-31', 'Mensaje', 'Puntos', 2),
(40, '2023/1459', 'Injurias u ofensas graves contra otros miembros de la comunidad escolar.', 10, 'Música ', '2023-10-31', '12:39:41', 'En medio de mi clase la alumna le ha dicho a un compañero “no me sale del coño “\r\n    ', '2023-10-31', 'Mensaje', 'Puntos', 8),
(40, '2022/3332', 'Interrupción del normal desarrollo de las clases.', 3, 'Música ', '2023-10-31', '12:30:00', '\r\nMolesta a sus compañeros, habla continuamente e interrumpe las clases. \r\n    ', '2023-10-31', 'Mensaje', 'Puntos', 5),
(40, '2023/3517', 'Actos de indisciplina perjudiciales para el profesorado o el funcionamiento de la clase.', 10, 'RECREO', '2023-10-31', '13:00:31', 'Durante el recreo, Víctor se dirigió a mi de forma reiterada con falta muy grave de respeto, ignorando la indicación que le daba, diciéndome que me callara, que me olvidara de él y que le dejara en paz, cuando le indiqué que tenía que recoger una bola de papel aluminio que lanzó a otro chico. Su forma de dirigirse hacia mi de forma reiterada con falta de respeto, a la vez que seguía andando y tenía que seguirle para que me acompañara a dirección, es un acto de indisciplina muy grave. Repito, no fue una única contestación, si no que mantuvo esa forma de contestarme y de ignorarme durante unos minutos hasta que accedió a venir conmigo a dirección.\r\n\r\n    ', '2023-10-31', 'Notificación escrita', 'Puntos', 2),
(40, '2022/1243', 'Alteración del desarrollo normal de las actividades del centro.', 5, 'Valores Cívicos', '2023-10-31', '10:30:02', '\r\n\r\n    La alumna durante la clase estuvo tirando bolas de papel, interrumpiendo el desarrollo normal de la actividad.', '2023-11-01', 'Mensaje', 'Puntos', 0),
(40, '2020/3079', 'Alteración del desarrollo normal de las actividades del centro.', 5, 'Valores Cívicos', '2023-10-31', '10:30:49', '\r\n\r\n    Durante la hora de clase el alumno estuvo tirando bolas de papel, alterando el desarrollo de la actividad.', '2023-11-01', 'Mensaje', 'Puntos', 2),
(40, '2023/3558', 'Actos de indisciplina perjudiciales para el profesorado o el funcionamiento de la clase.', 10, 'inglés', '2023-11-02', '14:21:00', 'Está usando el móvil en clase; después de haberle  llamado la atención en clase varias veces por este motivo, le sorprendo usando el móvil en clase; le digo que tiene parte por este motivo y al rato le veo mirando el móvil del compañero, que está encendido...\r\n\r\n    ', '2023-11-02', 'Mensaje', 'Puntos', 4),
(40, '2022/1316', 'Alteración del desarrollo normal de las actividades del centro.', 5, 'PAPV', '2023-11-02', '10:00:00', '\r\nInterrupciones reiteradas en el desarrollo de la clase que se presentan con más intensidad en las últimas sesiones. Diversos avisos, incluido a las familias. \r\n    ', '2023-11-02', 'Mensaje', 'Puntos', 9),
(40, '2022/3310', 'Actos de indisciplina contra miembros de la comunidad escolar.', 5, 'Lengua castellana y Literatura', '2024-03-18', '12:40:38', '\r\nUso del móvil en clase. Se le pone una sanción de 5 puntos ya que esta actitud de Ángela no se ha llevado a cabo de forma reiterada. Además, cuando se le llama la atención, la alumna me pide perdón al instante. \r\n    ', '2024-03-19', 'Mensaje', 'Puntos', 0),
(40, '2021/1123', 'Alteración del desarrollo normal de las actividades del centro.', 5, 'INGLÉS', '2023-11-03', '13:00:21', '\r\nAlteración del normal desarrollo de la clase. El alumno lanza bolas de papel a un compañero.\r\n    ', '2023-11-03', 'Mensaje', 'Puntos', 4),
(40, '2021/1124', 'Alteración del desarrollo normal de las actividades del centro.', 5, 'INGLÉS', '2023-11-03', '13:00:10', 'Alteración del normal desarrollo de la clase. El alumno lanza bolas de papel a un compañero.\r\n    \r\n\r\n    ', '2023-11-03', 'Mensaje', 'Puntos', 7),
(40, '2020/2982', 'Alteración del desarrollo normal de las actividades del centro.', 5, 'INGLÉS', '2023-11-03', '13:00:19', 'Alteración del normal desarrollo de la clase. El alumno lanza bolas de papel a un compañero.\r\n    \r\n\r\n    ', '2023-11-03', 'Mensaje', 'Puntos', 3),
(40, '2022/3466', 'Acoso o la violencia contra las personas.', 10, 'Bus Transporte', '2023-11-26', '14:28:48', 'Pega un puñetazo a un compañero en el transporte y falta el respeto al conductor y la cuidadora.\r\n\r\n    ', '2023-11-03', 'Entrevista con los padres', 'Puntos', 5),
(40, '2023/1383', 'Alteración del desarrollo normal de las actividades del centro.', 5, 'MATEMÁTICAS', '2023-11-03', '13:57:12', 'Cuando me doy la vuelta para escribir en la pizarra, Alejandro se dedica a hacer burlas para que los demás se rían. \r\n\r\n    ', '2023-11-03', 'Notificación escrita', 'Puntos', 2),
(40, '2023/3470', 'Interrupción del normal desarrollo de las clases.', 3, 'MATEMÁTICAS', '2023-11-03', '14:03:39', 'Se pasa la clase riéndose y mirando hacia atrás llamando a otros compañeros y distrayéndolos.\r\n\r\n    ', '2023-11-03', 'Notificación escrita', 'Puntos', 3),
(40, '2020/3030', 'Alteración del desarrollo normal de las actividades del centro.', 5, 'Inglés', '2023-11-03', '12:40:00', 'No presta atención, interrumpe la clase y llama la atención a otros.\r\n\r\n    ', '2023-11-03', 'Mensaje', 'Puntos', 2),
(40, '2022/3306', 'Alteración del desarrollo normal de las actividades del centro.', 5, 'Valores Cívicos', '2023-11-03', '12:15:00', 'La alumna estuvo lanzando bolas de papel durante el desarrollo de las clases.\r\n\r\n    ', '2023-11-05', 'Mensaje', 'Puntos', 1),
(40, '2022/3333', 'Desconsideración hacia el profesorado.', 10, 'Educación fisica', '2023-11-06', '13:11:26', 'Se coloca detrás mío en una explicación de la sesión y me imita todo lo que hago, causando desatención en el resto de la clase y además se ríe.\r\n\r\n    ', '2023-11-06', 'Mensaje', 'Puntos', 5),
(40, '2022/1316', 'Alteración del desarrollo normal de las actividades del centro.', 5, 'Historia', '2023-11-06', '13:00:38', '\r\nInterrumpe constantemente la clase,no hace caso a las llamadas de atención. \r\n    ', '2023-11-06', 'Mensaje', 'Puntos', 9),
(40, '2022/3332', 'Alteración del desarrollo normal de las actividades del centro.', 5, 'Historia', '2023-11-06', '13:00:55', 'Interrumpe constantemente, no hace caso a las llamadas de atención, se pone a dar palmas \r\n\r\n    ', '2023-11-06', 'Mensaje', 'Puntos', 3),
(40, '2023/1459', 'Desconsideración hacia el profesorado.', 10, 'Historia', '2023-11-06', '13:00:41', 'Además de llamarle la atención varias veces durante la clase, ponerse a dar palmas, le digo a un compañero que si viene su madre estaría bien que yo hablara con ella, Awatef comenta: \"sí, que te va a tirar de los pelos\".\r\n\r\n    ', '2023-11-06', 'Mensaje', 'Puntos', 7),
(40, '2023/984', 'Alteración del desarrollo normal de las actividades del centro.', 5, 'Filosofía', '2023-11-06', '14:00:00', 'El alumno ha estado toda la hora interrumpiendo las explicaciones del profesor, sin mostrar ningún interés ni respeto por la asignatura.\r\n\r\n    ', '2023-11-06', 'Mensaje', 'Puntos', 0),
(40, '2020/3036', 'Alteración del desarrollo normal de las actividades del centro.', 5, 'Valores Cívicos', '2023-11-06', '13:00:05', '\r\nEl alumno ha estado interrumpiendo la clase continuamente sin prestar atención, y sin importarle los avisos del profesor.\r\n    ', '2023-11-06', 'Mensaje', 'Puntos', 2),
(40, '2023/1472', 'Alteración del desarrollo normal de las actividades del centro.', 5, 'Filosofía', '2023-11-06', '14:00:00', 'El alumno ha estado interrumpiendo la clase, sin mostrar respeto ni interés por la materia.\r\n\r\n    ', '2023-11-06', 'Mensaje', 'Puntos', 0),
(40, '2023/2798', 'Interrupción del normal desarrollo de las clases.', 3, 'Taller de emprendimiento', '2023-11-07', '11:04:23', 'El alumno está pegando a su compañero en clase.\r\n\r\n    ', '2023-11-07', 'Mensaje', 'Puntos', 0),
(40, '2020/3009', 'Actos de indisciplina perjudiciales para el profesorado o el funcionamiento de la clase.', 10, 'Música ', '2023-11-06', '12:40:00', 'Uso del móvil en clase\r\n\r\n    ', '2023-11-07', 'Mensaje', 'Puntos', 3),
(40, '2023/1385', 'Actos que menoscaben la autoridad del profesorado y perturban el desarrollo de las clases.', 10, 'Jefatura', '2023-11-07', '13:08:38', '\r\nQuema papeles en el baño, trae y usa un mechero en el centro y miente a un jefe de estudios.\r\n    ', '2023-11-07', 'Entrevista con los padres', 'Puntos', 10),
(40, '2022/3323', 'Actos de indisciplina contra miembros de la comunidad escolar.', 5, 'Valores Cívicos', '2023-11-07', '13:00:00', '\r\nEl alumno ha estado toda la hora trabajando otras materias, sin prestar atención a las explicaciones del aula y sin intención de hacer las actividades indicadas por el profesor.\r\n    ', '2023-11-07', 'Mensaje', 'Puntos', 0);
*/